artist,email
+,mailtobidisc@gmail.com
23.4,23.4techno@gmail.com
999ADJ,adjowa.kkari@gmail.com
@DJCiscoEntertainment,cisco@djcisco.com
@djhilman_,djhlmnn23@gmail.com
@Iammiriamloveofficial,info@miriamlove.com
@mariasatelles,bbbbmariadddd@gmail.com
@mariasatelles,djmaria@octopus-agents.com
@michelmiles,metis.prod@gmail.com
@Reydo,reydotv@gmail.com
A.N.I.,ersin@ampliaberlin.com
ADAHY,adahymusic@gmail.com
AKSENT North Dublin based independent electronic artist.,info@10tonagency.com
alexfromtokyo,worldfamous.online@gmail.com
ALNA,alna@alnasound.com
Alston,alstonparesa@gmail.com
ALYSSA & GIA,alyssa-gia@effect-mgmt.com
andredalcan,onirism.booking@gmail.com
andrewcanlon,andrewcanlon@gmail.com
Anfragen: mail@djicerolls.de,mail@djicerolls.de
anti_logic,pellouan@gmail.com
ARIEL BAUM,arielbaum@gmail.com
ARMANA KHAN,armanakhanbusiness@gmail.com
ARMANA KHAN,bookings@discono.club
austin.sounds,contact@aperobyaustin.com
axipitor,axipitor@gmail.com
Ayesha,djayescold@gmail.com
backfromthewave,backfromthewave@gmail.com
bambi____,agathe@klsbookings.com
bb.deng,bbdeng@egoriot.com
bb.deng,bbdengmusic@gmail.com
BEMPAH,bempah@scarythingsldn.com
"BIKS Entertainment | Indian Wedding DJ, MC & Dhol",officialdjbiks@gmail.com
BitchBopz,bxtchbopz@gmail.com
blackclub,booking@amsbooking.fr
blackclub,max@amsbooking.fr
blackclub,mira@fort-agency.com
blisssinc,kkjjaahh@gmail.com
blisssinc,thijs@root-artists.com
boddhisatva,info@boddhi-satva.com
cashu,carolschutzer@gmail.com
Cheeky Monkeys Dj only vinyls,cheekymonkeysbooking@gmail.com
Cherry Distress,chdistress@gmail.com
chloé,booking@interwave.live
chloé,contact@chloethevenin.com
chloé,contact@lumierenoirerecords.com
chloé,juliette.coste@supermonamour.com
chloé,stephaneviard.fair@gmail.com
cinthie_dj,alo@prismaartists.com
cinthie_dj,bf@t-s-agency.com
CJ Rose,musicbycjrose@gmail.com
Coffintexts,maarten@vowta.com
constantinehlms,constantinehlms@gmail.com
cosperthenomad,cosperthenomad@gmail.com
danielenache,t5radioenquiries@gmail.com
dash_sl,booking.dashdj@gmail.com
daveedjee,contact@daveedj.fr
deejay VAX,deejayvax909@gmail.com
DELLAPINA,dellapina.music@gmail.com
Denis C,denis.conseil@free.fr
diana dzjamaldaeva,diana.ddz@gmail.com
digitalfighter,booking.maisonsonore@gmail.com
digitalfighter,thedigitalfighter@gmail.com
dirtyswift,dirtyswift@gmail.com
divin0,jb@supermonamour.com
DJ,djjawzy@live.co.uk
DJ - Producer,djvmix.pro@gmail.com
DJ Aya Vlasheez,ayavlasheez@gmail.com
"DJ Baby Berlin: Party Witch, Twitch Partner, Wedding DJ ...",djamberlynn@gmail.com
DJ Baguette,booking.djbaguette@gmail.com
Dj Franky 974,djfrancky974@gmail.com
DJ Latinchat,latinchatdj@proton.me
DJ PRIM,djprimbeats@gmail.com
DJ RaMeMes,djramemes@gmail.com
DJ RéOx,reox.events.pro@gmail.com
DJ Software,vandevoordevalentin@gmail.om
DJ Turker Yilmaz Wedding & Private Party DJ,djturker@djturker.com
DJ VINCE®,djfetevousplaisir@gmail.com
dj.pye,service.showdjpye@gmail.com
DJ/ARCHIVIST⛏️⛏️,axonberg@gmail.com
DjBloch,vincent@a2pr.net
djgigola,djgigola@livefromearth.de
djglenjohn,djglenjohn@gmail.com
djkuteffekt,djkuteffekt@gmail.com
djvolkova,djnvolkova@gmail.com
DJWicked,jpt.mgmt@gmail.com
donnie_sunshine,mrdonniesunshine@gmail.com
Drumskull,mail@drumskull.zone
EddyMac.dj,eddyjpmac@gmail.com
EG_,eg.goodstuffs@gmail.com
encore une autre,encoreuneautredj@gmail.com
enflure.dj,enflure.mgmt@gmail.com
ERNA,ernamontanna@gmail.com
ERNA,maylis@hellopedro.fr
ExpensiveKVR,expensivekvr@gmail.com
flaxmusic,booking.flax@gmail.com
flaxmusic,booking@flaxmusic.studio
Florian Defresne,contact@wild-side-communications.fr
flosomusic,floso.sound@gmail.com
giaproducer,takeaseatwithg@gmail.com
Gillielove,hello@gilliancampbell.tv
glia.dj,glia@bookthemall.com
Global DJ,globaldj909@gmail.com
Goth Barge,gothbarge@gmail.com
H!Gabby,higabby.dj@gmail.com
"HadesDj | Instagram, Facebook",dominykasmartusevicius@gmail.com
Harlem Electronics,martin@harlemelectronics.com
HiTech Detroit,ben@earth-agency.com
HiTech Detroit,hitechmanagementdetwah@gmail.com
HiTech Detroit,josh@groundcontroltouring.com
Hodan_unplugged,hodan.e.freelance@gmail.com
Housecall,coucou.loveletters@gmail.com
Housecall,housecall.contact@gmail.com
Housecall,martin@bonnenuit.club
HUMAN MARGAREETA,humanmargareeta@gmail.com
INFINITY DIVISION,softcoreunlimitedrecords@gmail.com
"JAEL - TikTok, Instagram, X, Facebook, Twitch",jack@primarytalent.com
"JAEL - TikTok, Instagram, X, Facebook, Twitch",jaelbeats@gmail.com
"JAEL - TikTok, Instagram, X, Facebook, Twitch",rana@studiokoto.nl
jamiraestrada,jamiraestradaxo@gmail.com
Joiah,info@joiahmusic.com
jplantieri,jplantieri@yahoo.com
KAIDARA,kaidara.bookings@gmail.com
Ken Okuda,ken@shush.dance
KILL THE VOID,booking@killthevoid.com
Koboyo,koboyo.production@gmail.com
kohra_,prakriti@interbeing.agency
KYMRA,kymrabooking@gmail.com
ladurso,serrelouanna@gmail.com
"Lewis Lastella - TikTok, Instagram, Facebook, Twitch",lewislastella@gmail.com
LUNAINDACLUB,lunaindaclubcontact@gmail.com
LXY,booking@lxymusic.com
LXY,info@lxymusic.com
lylla.collins,leilaxcollins@gmail.com
maddyjay.music,maddyjay.contact@gmail.com
madmiran,charles@omni-artists.net
madmiran,promo@madmiran.com
MAEVOL,lea.amara.mangement@gmail.com
Maivoor,maivoor@gmail.com
Marbré™️,marbre.events@gmail.com
mariana lacorte,lacortemariana@gmail.com
Marli,alasdair@arcade-talent.com
Marli,jeremy@weaveragency.com.au
Marli,marlimusicau@gmail.com
Mat the DJ,mat@wildfiredjs.com
Matkec,matk.ec@outlook.com
Mez Dumas,mezdumas@gmail.com
Michael Toobz DJ,stexevent@gmail.com
MIJAY DEE [DJ•Michael Doepke],dj@mijay-dee.com
mimi.geniale_,mimi.geniale1@gmail.com
mok_t,hugo@isotonestudio.com
momery,momerymusic@gmail.com
Moondine Dj,moondine.music@gmail.com
Morgotika,dot2dot.bkng@gmail.com
Morgotika,dreeveeseen@gmail.com
mosimann,maudbrooke@qmpagency.com
Mount XLR,mgmt@mountxlr.com
msevenfive,info@cold-brewed.co.uk
Music artist,hola@gabolora.com
ncofficiall,djncproductions@hotmail.com
NELJA,contact@neljamusic.de
neurokill,babyratta@hotmail.com
neurokill,explity@outlook.com
neurokill,explitybooking@gmail.com
NIABI_,djniabi@gmail.com
Omar EK,omarekmusic@gmail.com
omemofc,omemofc@gmail.com
onlyfire,abi@sentimentalvoices.com
onlyfire,maxx.lesnick@roamartists.com
onlyfire,onlyfiremgmt@gmail.com
onlyfire,spencer.pinson@roamartists.com
ONYX,label@onyxberlin.de
orvillekline,orvillekline@mac.com
Oskar,oskarmusique@outlook.fr
P I T I V A C C A R I,pitivaccari@gmail.com
pakkamusic,promo@pakka-music.com
Palladium,bookings.palladium@gmail.com
pau.barck,management@pau-pau.com
peroli,pinkperoli@gmail.com
plaisirdefrance,plaisirdefrancemusique@gmail.com
Posthuman,bookings@posthumanmusic.com
Posthuman,will@fortsetzen.com
Preston France - Recording Artist Kindred,finallykindred@outlook.com
rankng_dj,rankngdj@gmail.com
RDØ,rdo.uptempo@gmail.com
RDØ,valentin@off-agency.com
rhythmbarnyard,rhythmbarnyard@gmail.com
RiWiS_,riwis.music@gmail.com
RONI,clement@bingobooking.fr
ROSE DE FRANCE,booking@obsession.management
Sara Bluma,inquiries@sarabluma.com
Sennin,djsennin@proton.me
SOLE DOSI,ornella@zenithbookings.com
SOLE DOSI,soledosimusic@gmail.com
stephanib,management@stephanib.com
Subradeon,bookings@subradeon.com
tajine.tabasco,tajinetabasco@gmail.com
The Ghost,jodie@mdcberlin.com
thebrettberlin,thebrettberlin@gmail.com
theoterev,quentin@bingobingo.fr
traildnb,jan@makinoagency.com
V i t a l i n e,aline.bgn@gmail.com
vince_kuzanagi,v.kuzanagi@gmail.com
VOLTAIRE,voltaire.promo@gmail.com
vs__techno,hello@skorm-agency.com
vs__techno,vs.technodj@gmail.com
VV PETE,contact@trackwork.work
WAWRZY,wawrzy.music@gmail.com
whataboutsane,sanemusiq@gmail.com
WhodafunkisGreg,info@neuentrtnmnt.com
xelisabeex,valerio@zenithbookings.com
Yuzo,yuzopiamusic@gmail.com
ZELECTER | Hardstyle DJ,contact@zelecter.de
Zeyn Hardtechno DJ,booking@tekknosucht.de
𝔬𝔟𝔰𝔬,obsolater@gmail.com
𝕄𝔸𝕃ℤ𝕆𝔽,bookingmalzof@gmail.com
🎧 DJ NIPPY 🎧,djnippy1@gmail.com
