email,source,profile_title,profile_url,found_on
23.4techno@gmail.com,linktree page,23.4 Official: Facebook,https://linktr.ee/23.4,https://linktr.ee/23.4
adahymusic@gmail.com,linktree page,"ADAHY Official: Instagram, Facebook",https://linktr.ee/adahymusic,https://linktr.ee/adahymusic
adecerjat.mana@gmail.com,artist website,"mana.intl Official: Instagram, Facebook",https://linktr.ee/mana.intl,https://www.mana-intl.net/post/itw-ugn%C3%A9-uma-at-meakusma-festival-music-as-unfiltered-honesty
adjowa.kkari@gmail.com,linktree page,999ADJ Official: Instagram,https://linktr.ee/999adj,https://linktr.ee/999adj
agathe@klsbookings.com,linktree page,"bambi____ Official: Instagram, Facebook",https://linktr.ee/bambi____,https://linktr.ee/bambi____
alasdair@arcade-talent.com,linktree page,"Marli Official: TikTok, Instagram, Threads",https://linktr.ee/marligrosskopf,https://linktr.ee/marligrosskopf
aline.bgn@gmail.com,linktree page,"V i t a l i n e Official: Instagram, Facebook",https://linktr.ee/_vitaline,https://linktr.ee/_vitaline
alna@alnasound.com,linktree page,"ALNA Official: TikTok, Instagram, Facebook",https://linktr.ee/alnasound,https://linktr.ee/alnasound
alstonparesa@gmail.com,linktree page,Alston Official: Instagram,https://linktr.ee/iwant45s,https://linktr.ee/iwant45s
andrewcanlon@gmail.com,linktree page,andrewcanlon Official: Instagram,https://linktr.ee/andrewcanlon,https://linktr.ee/andrewcanlon
anntaylor57@gmail.com,linktree page,AnnTaylor Official: Facebook,https://linktr.ee/anntaylorenchante,https://linktr.ee/anntaylorenchante
antoine.malo21@gmail.com,artist website,"mana.intl Official: Instagram, Facebook",https://linktr.ee/mana.intl,https://www.mana-intl.net/post/itw-ugn%C3%A9-uma-at-meakusma-festival-music-as-unfiltered-honesty
arielbaum@gmail.com,linktree page,ARIEL BAUM Official: Facebook,https://linktr.ee/ArielBaum,https://linktr.ee/ArielBaum
armanakhanbusiness@gmail.com,linktree page,ARMANA KHAN Official: Instagram,https://linktr.ee/armanakhan,https://linktr.ee/armanakhan
assocluster@gmail.com,linktree page,✨CLUSTER TRAXX✨ Official: Instagram,https://linktr.ee/ClusterCrew,https://linktr.ee/ClusterCrew
assoseanapse@gmail.com,artist website,"seanapse Official: Instagram, Facebook",https://linktr.ee/seanapse,https://www.seanapse.org/
atarashievents@gmail.com,artist website,ATARASHI Official: Instagram,https://linktr.ee/atarashi,https://atarashi.fr/
axipitor@gmail.com,linktree page,"axipitor Official: TikTok, Instagram, Facebook, Twitch",https://linktr.ee/axipitor,https://linktr.ee/axipitor
axonberg@gmail.com,linktree page,DJ/ARCHIVIST⛏️⛏️ Official: Instagram,https://linktr.ee/axonberg,https://linktr.ee/axonberg
ayavlasheez@gmail.com,linktree page,"DJ Aya Vlasheez Official: TikTok, Instagram, Facebook",https://linktr.ee/ayavlasheez,https://linktr.ee/ayavlasheez
babyratta@hotmail.com,linktree page,"neurokill Official: Instagram, Facebook",https://linktr.ee/neurokill,https://linktr.ee/neurokill
backfromthewave@gmail.com,linktree page,backfromthewave Official: Instagram,https://linktr.ee/backfromthewave,https://linktr.ee/backfromthewave
bbdeng@egoriot.com,linktree page,"bb.deng Official: Instagram, Facebook",https://linktr.ee/bb.deng,https://linktr.ee/bb.deng
bbdengmusic@gmail.com,linktree page,"bb.deng Official: Instagram, Facebook",https://linktr.ee/bb.deng,https://linktr.ee/bb.deng
ben@earth-agency.com,linktree page,"HiTech Detroit Official: TikTok, Instagram",https://linktr.ee/hitechdetroit,https://linktr.ee/hitechdetroit
bobmarlich@icloud.com,linktree page,"Bob Marlich Official: Instagram, X, Facebook, Twitch",https://linktr.ee/BobMarlich,https://linktr.ee/BobMarlich
booking.dashdj@gmail.com,linktree page,dash_sl Official: Instagram,https://linktr.ee/dash_sl,https://linktr.ee/dash_sl
booking.djbaguette@gmail.com,linktree page,"DJ Baguette Official: TikTok, Instagram, Facebook",https://linktr.ee/djbaguette,https://linktr.ee/djbaguette
booking.flax@gmail.com,linktree page,flaxmusic Official: Instagram,https://linktr.ee/flaxmusic,https://linktr.ee/flaxmusic
booking.maisonsonore@gmail.com,linktree page,"digitalfighter Official: Instagram, Facebook",https://linktr.ee/digitalfighter,https://linktr.ee/digitalfighter
booking@curateentertainment.com,linktree page,"curateentertainment Official: Instagram, Facebook",https://linktr.ee/curateentertainment,https://linktr.ee/curateentertainment
booking@flaxmusic.studio,linktree page,flaxmusic Official: Instagram,https://linktr.ee/flaxmusic,https://linktr.ee/flaxmusic
booking@interwave.live,linktree page,"chloé - Listen to songs on Bandcamp, Soundcloud",https://linktr.ee/chloethevenin,https://linktr.ee/chloethevenin
booking@killthevoid.com,linktree page,"KILL THE VOID Official: TikTok, Instagram",https://linktr.ee/killthevoid,https://linktr.ee/killthevoid
booking@lethimcookradio.com,linktree page,"booking@lethimcookradio.com Official: TikTok, Instagram ...",https://linktr.ee/lethimcook.radio,https://linktr.ee/lethimcook.radio
booking@lxymusic.com,linktree page,LXY Official: Instagram,https://linktr.ee/lxy.music,https://linktr.ee/lxy.music
booking@obsession.management,linktree page,"ROSE DE FRANCE Official: TikTok, Instagram",https://linktr.ee/rosedefrance.contact,https://linktr.ee/rosedefrance.contact
booking@tekknosucht.de,linktree page,Zeyn Hardtechno DJ,https://linktr.ee/zeyn_techno,https://linktr.ee/zeyn_techno
bookingmalzof@gmail.com,linktree page,𝕄𝔸𝕃ℤ𝕆𝔽 Official Music - Listen to songs on Soundcloud,https://linktr.ee/malzof,https://linktr.ee/malzof
bookings.palladium@gmail.com,linktree page,Palladium Official: Instagram,https://linktr.ee/Pa1ladium,https://linktr.ee/Pa1ladium
bookings@discono.club,linktree page,ARMANA KHAN Official: Instagram,https://linktr.ee/armanakhan,https://linktr.ee/armanakhan
bookings@posthumanmusic.com,linktree page,"Posthuman Official: Instagram, Facebook, Threads",https://linktr.ee/posthumanmusic,https://linktr.ee/posthumanmusic
bookings@subradeon.com,linktree page,"Subradeon Official: Instagram, Facebook",https://linktr.ee/Subradeon,https://linktr.ee/Subradeon
bxtchbopz@gmail.com,linktree page,BitchBopz Official: Instagram,https://linktr.ee/bitchbopz,https://linktr.ee/bitchbopz
carolschutzer@gmail.com,linktree page,cashu Official: Instagram,https://linktr.ee/cashuuu,https://linktr.ee/cashuuu
cheekymonkeysbooking@gmail.com,linktree page,"Cheeky Monkeys Dj only vinyls Official: Instagram, Facebook",https://linktr.ee/cheekymonkeysdj,https://linktr.ee/cheekymonkeysdj
claudia@amaruagency.com,linktree page,"crocoqueen Agency Marketing, PR, Creative",https://linktr.ee/crocoqueen,https://linktr.ee/crocoqueen
clement@bingobooking.fr,linktree page,"RONI Official: Instagram, Facebook",https://linktr.ee/roni_nza,https://linktr.ee/roni_nza
constantinehlms@gmail.com,linktree page,"constantinehlms Official: TikTok, Instagram",https://linktr.ee/constantinehlms,https://linktr.ee/constantinehlms
contact@chloethevenin.com,linktree page,"chloé - Listen to songs on Bandcamp, Soundcloud",https://linktr.ee/chloethevenin,https://linktr.ee/chloethevenin
contact@daveedj.fr,artist website,"daveedjee Official: TikTok, Instagram, Facebook",https://linktr.ee/daveedjee,http://daveedj.fr
contact@lumierenoirerecords.com,linktree page,"chloé - Listen to songs on Bandcamp, Soundcloud",https://linktr.ee/chloethevenin,https://linktr.ee/chloethevenin
contact@ormside.co.uk,linktree page,"ORMSIDE PROJECTS Official: Instagram, X, Facebook",https://linktr.ee/ormside,https://linktr.ee/ormside
contact@reinventerlanuit.com,linktree page,"RÉINVENTER LA NUIT Official: Instagram, Threads",https://linktr.ee/reinventerlanuit,https://linktr.ee/reinventerlanuit
contact@wild-side-communications.fr,linktree page,"Florian Defresne Official: TikTok, Instagram, Facebook",https://linktr.ee/floriandefresne,https://linktr.ee/floriandefresne
cosperthenomad@gmail.com,linktree page,cosperthenomad,https://linktr.ee/cosperthenomad,https://linktr.ee/cosperthenomad
coucou.loveletters@gmail.com,linktree page,"Housecall Official: Instagram, Facebook",https://linktr.ee/housecall_,https://linktr.ee/housecall_
deejayvax909@gmail.com,linktree page,"deejay VAX Official: TikTok, Instagram, X",https://linktr.ee/DEEJAYVAX,https://linktr.ee/DEEJAYVAX
demos.clustertraxx@gmail.com,linktree page,✨CLUSTER TRAXX✨ Official: Instagram,https://linktr.ee/ClusterCrew,https://linktr.ee/ClusterCrew
denis.conseil@free.fr,linktree page,Denis C Official: Instagram,https://linktr.ee/deniscdj,https://linktr.ee/deniscdj
diana.ddz@gmail.com,linktree page,diana dzjamaldaeva Official: Instagram,https://linktr.ee/diana_dzjamaldaeva,https://linktr.ee/diana_dzjamaldaeva
dirtyswift@gmail.com,linktree page,"dirtyswift Official: TikTok, Instagram, X, Twitter",https://linktr.ee/dirtyswift,https://linktr.ee/dirtyswift
dj@mijay-dee.com,linktree page,MIJAY DEE [DJ•Michael Doepke] Official,https://linktr.ee/midoe,https://linktr.ee/midoe
djayescold@gmail.com,linktree page,Ayesha Official: Twitch,https://linktr.ee/aye5ha,https://linktr.ee/aye5ha
djfetevousplaisir@gmail.com,linktree page,"DJ VINCE® Official: TikTok, Instagram, Facebook",https://linktr.ee/Djvince,https://linktr.ee/Djvince
djfrancky974@gmail.com,linktree page,"Dj Franky 974 Official: TikTok, Instagram, X, Facebook, ...",https://linktr.ee/djfranky.974,https://linktr.ee/djfranky.974
djglenjohn@gmail.com,linktree page,djglenjohn Official: Instagram,https://linktr.ee/djglenjohn,https://linktr.ee/djglenjohn
djjawzy@live.co.uk,linktree page,"DJ Official: TikTok, Instagram",https://linktr.ee/dj_play,https://linktr.ee/dj_play
djkuteffekt@gmail.com,linktree page,"djkuteffekt Official: TikTok, Instagram, Facebook",https://linktr.ee/djkuteffekt,https://linktr.ee/djkuteffekt
djncproductions@hotmail.com,linktree page,ncofficiall Official: Instagram,https://linktr.ee/ncofficiall,https://linktr.ee/ncofficiall
djniabi@gmail.com,linktree page,NIABI_ Official: Instagram,https://linktr.ee/NIABI_,https://linktr.ee/NIABI_
djnippy1@gmail.com,linktree page,"🎧 DJ NIPPY 🎧 Official: TikTok, Instagram, Facebook",https://linktr.ee/djnippy1,https://linktr.ee/djnippy1
djramemes@gmail.com,linktree page,"DJ RaMeMes Official: Instagram, X",https://linktr.ee/djramemes,https://linktr.ee/djramemes
djsennin@proton.me,linktree page,"Sennin Official: Instagram, Facebook",https://linktr.ee/djsennin,https://linktr.ee/djsennin
djvmix.pro@gmail.com,linktree page,DJ - Producer Official: Instagram,https://linktr.ee/DJV_MIX,https://linktr.ee/DJV_MIX
dot2dot.bkng@gmail.com,linktree page,"Morgotika Official: Instagram, Facebook",https://linktr.ee/morgotika,https://linktr.ee/morgotika
dreeveeseen@gmail.com,linktree page,"Morgotika Official: Instagram, Facebook",https://linktr.ee/morgotika,https://linktr.ee/morgotika
eg.goodstuffs@gmail.com,linktree page,"EG_ Official: Instagram, Facebook",https://linktr.ee/EG_,https://linktr.ee/EG_
electronicsubculture@jingamedia.com,linktree page,"Electronic Subculture Official: TikTok, Instagram, Facebook",https://linktr.ee/electronicsubculture,https://linktr.ee/electronicsubculture
encoreuneautredj@gmail.com,linktree page,"encore une autre Official: TikTok, Instagram",https://linktr.ee/encoreuneautre,https://linktr.ee/encoreuneautre
enflure.mgmt@gmail.com,linktree page,enflure.dj Official: Instagram,https://linktr.ee/enflure.dj,https://linktr.ee/enflure.dj
ernamontanna@gmail.com,linktree page,ERNA Official: Instagram,https://linktr.ee/ernaaaa,https://linktr.ee/ernaaaa
expensivekvr@gmail.com,linktree page,"ExpensiveKVR Official: TikTok, Instagram, Facebook",https://linktr.ee/ExpensiveKVR,https://linktr.ee/ExpensiveKVR
explity@outlook.com,linktree page,"neurokill Official: Instagram, Facebook",https://linktr.ee/neurokill,https://linktr.ee/neurokill
explitybooking@gmail.com,linktree page,"neurokill Official: Instagram, Facebook",https://linktr.ee/neurokill,https://linktr.ee/neurokill
floso.sound@gmail.com,linktree page,flosomusic,https://linktr.ee/flosomusic,https://linktr.ee/flosomusic
gauthier@furax.fr,linktree page,theallergies Official: Instagram,https://linktr.ee/theallergies,https://linktr.ee/theallergies
gefaure.mana@gmail.com,artist website,"mana.intl Official: Instagram, Facebook",https://linktr.ee/mana.intl,https://www.mana-intl.net/post/itw-ugn%C3%A9-uma-at-meakusma-festival-music-as-unfiltered-honesty
globaldj909@gmail.com,linktree page,"Global DJ Official: Instagram, Facebook, Twitch",https://linktr.ee/globaldj,https://linktr.ee/globaldj
hello@skorm-agency.com,linktree page,"vs__techno Official: TikTok, Instagram",https://linktr.ee/vs__techno,https://linktr.ee/vs__techno
hitechmanagementdetwah@gmail.com,linktree page,"HiTech Detroit Official: TikTok, Instagram",https://linktr.ee/hitechdetroit,https://linktr.ee/hitechdetroit
hodan.e.freelance@gmail.com,linktree page,Hodan_unplugged Official Music - Listen to songs on ...,https://linktr.ee/Hodan_unplugged,https://linktr.ee/Hodan_unplugged
hola@gabolora.com,linktree page,Music artist Official: Instagram,https://linktr.ee/gaboloramusic,https://linktr.ee/gaboloramusic
housecall.contact@gmail.com,linktree page,"Housecall Official: Instagram, Facebook",https://linktr.ee/housecall_,https://linktr.ee/housecall_
houseofjambonbeurre@gmail.com,linktree page,"DRAG RACE FRANCE à Lille Official: Instagram, Facebook",https://linktr.ee/dragracefrancelille,https://linktr.ee/dragracefrancelille
hugo@isotonestudio.com,linktree page,"mok_t Official: Instagram, Facebook",https://linktr.ee/mok_t,https://linktr.ee/mok_t
humanmargareeta@gmail.com,linktree page,HUMAN MARGAREETA Official: Instagram,https://linktr.ee/humanmargareeta,https://linktr.ee/humanmargareeta
info@cold-brewed.co.uk,linktree page,msevenfive Official: Instagram,https://linktr.ee/msevenfive,https://linktr.ee/msevenfive
info@hyperdub.net,linktree page,hyperdubrecords,https://linktr.ee/hyperdubrecords,https://linktr.ee/hyperdubrecords
info@joiahmusic.com,linktree page,Joiah Official: Instagram,https://linktr.ee/joiahmusic,https://linktr.ee/joiahmusic
info@lostandfound.co.jp,linktree page,"lostandfoundtokyo Official: Instagram, X, Facebook",https://linktr.ee/lostandfoundtokyo,https://linktr.ee/lostandfoundtokyo
info@lxymusic.com,linktree page,LXY Official: Instagram,https://linktr.ee/lxy.music,https://linktr.ee/lxy.music
info@mayflowerclubdc.com,artist website,"Zebbie's Garden Official: TikTok, Instagram, Facebook",https://linktr.ee/zebbiesgarden,https://zebbiesgarden.com/
info@miriamlove.com,linktree page,"@Iammiriamloveofficial Official: TikTok, Instagram, X ...",https://linktr.ee/Iammiriamlove,https://linktr.ee/Iammiriamlove
info@neuentrtnmnt.com,linktree page,WhodafunkisGreg Official: Instagram,https://linktr.ee/WhodafunkisGreg,https://linktr.ee/WhodafunkisGreg
info@thirdfloorsounds.com,artist website,"thirdfloorsounds Official: TikTok, Instagram",https://linktr.ee/thirdfloorsounds,https://www.thirdfloorsounds.com
inquiries@sarabluma.com,linktree page,Sara Bluma Official: Instagram,https://linktr.ee/sara.bluma,https://linktr.ee/sara.bluma
jb@supermonamour.com,linktree page,divin0 Official: Instagram,https://linktr.ee/divin0,https://linktr.ee/divin0
jeremy@weaveragency.com.au,linktree page,"Marli Official: TikTok, Instagram, Threads",https://linktr.ee/marligrosskopf,https://linktr.ee/marligrosskopf
johanna.tzipkine@gmail.com,linktree page,MY ODESSA PROD Official: Instagram,https://linktr.ee/myodessa,https://linktr.ee/myodessa
josh@groundcontroltouring.com,linktree page,"HiTech Detroit Official: TikTok, Instagram",https://linktr.ee/hitechdetroit,https://linktr.ee/hitechdetroit
jplantieri@yahoo.com,linktree page,"jplantieri Official: Instagram, Facebook",https://linktr.ee/jplantieri,https://linktr.ee/jplantieri
juliette.coste@supermonamour.com,linktree page,"chloé - Listen to songs on Bandcamp, Soundcloud",https://linktr.ee/chloethevenin,https://linktr.ee/chloethevenin
ken@shush.dance,linktree page,Ken Okuda Official: Instagram,https://linktr.ee/kenokuda,https://linktr.ee/kenokuda
kkjjaahh@gmail.com,linktree page,blisssinc Official: Instagram,https://linktr.ee/blisssinc,https://linktr.ee/blisssinc
koboyo.production@gmail.com,linktree page,"Koboyo Official: Instagram, Facebook",https://linktr.ee/Koboyo,https://linktr.ee/Koboyo
kymrabooking@gmail.com,linktree page,"KYMRA Official: TikTok, Instagram",https://linktr.ee/KYMRA,https://linktr.ee/KYMRA
lacortemariana@gmail.com,linktree page,"mariana lacorte Official: TikTok, Instagram, X, Facebook",https://linktr.ee/orinkomarianalacorte,https://linktr.ee/orinkomarianalacorte
latinchatdj@proton.me,linktree page,"DJ Latinchat Official: Instagram, X",https://linktr.ee/djlatinchat,https://linktr.ee/djlatinchat
lea.amara.mangement@gmail.com,linktree page,MAEVOL Official: Instagram,https://linktr.ee/Maevol,https://linktr.ee/Maevol
leilaxcollins@gmail.com,artist website,lylla.collins Official Music - Listen to songs on Soundcloud,https://linktr.ee/lylla.collins,http://lyllacollins.blogspot.com/
lewislastella@gmail.com,linktree page,"Lewis Lastella - TikTok, Instagram, Facebook, Twitch",https://linktr.ee/lewislastella,https://linktr.ee/lewislastella
luke@coalitionpresents.com,linktree page,theallergies Official: Instagram,https://linktr.ee/theallergies,https://linktr.ee/theallergies
maarten@vowta.com,linktree page,"Coffintexts Official: TikTok, Instagram, X, Facebook",https://linktr.ee/Coffintexts,https://linktr.ee/Coffintexts
maddyjay.contact@gmail.com,linktree page,"maddyjay.music Official: TikTok, Instagram, Facebook",https://linktr.ee/maddyjay.music,https://linktr.ee/maddyjay.music
mail@drumskull.zone,linktree page,"Drumskull Official: Instagram, Facebook, Twitter",https://linktr.ee/drumskull,https://linktr.ee/drumskull
mailtobidisc@gmail.com,linktree page,+ Official: Instagram,https://linktr.ee/mailtobidisc,https://linktr.ee/mailtobidisc
maivoor@gmail.com,linktree page,"Maivoor Official: Instagram, Twitch",https://linktr.ee/maivoor,https://linktr.ee/maivoor
mamiesrecords@gmail.com,linktree page,lamamies Official: Facebook,https://linktr.ee/lamamies,https://linktr.ee/lamamies
management@pau-pau.com,linktree page,"pau.barck Official: TikTok, Instagram",https://linktr.ee/pau.barck,https://linktr.ee/pau.barck
marbre.events@gmail.com,linktree page,"Marbré™️ Official: Instagram, Facebook",https://linktr.ee/marbre,https://linktr.ee/marbre
marlimusicau@gmail.com,linktree page,"Marli Official: TikTok, Instagram, Threads",https://linktr.ee/marligrosskopf,https://linktr.ee/marligrosskopf
martin@bonnenuit.club,linktree page,"Housecall Official: Instagram, Facebook",https://linktr.ee/housecall_,https://linktr.ee/housecall_
martin@harlemelectronics.com,linktree page,Harlem Electronics Official: Instagram,https://linktr.ee/harlemelectronics,https://linktr.ee/harlemelectronics
martinique@love-beachwear.com,linktree page,"LOVE Martinique Official: Instagram, Facebook",https://linktr.ee/lovemartinique,https://linktr.ee/lovemartinique
mat@wildfiredjs.com,linktree page,Mat the DJ Official: Instagram,https://linktr.ee/mat_the_dj,https://linktr.ee/mat_the_dj
maylis@hellopedro.fr,linktree page,ERNA Official: Instagram,https://linktr.ee/ernaaaa,https://linktr.ee/ernaaaa
metis.prod@gmail.com,linktree page,"@michelmiles Official: TikTok, Instagram, X, Facebook",https://linktr.ee/metisprod,https://linktr.ee/metisprod
mezdumas@gmail.com,artist website,"Mez Dumas Official: Instagram, Facebook",https://linktr.ee/mezdumas,http://www.mezdumas.com
mgmt@mountxlr.com,linktree page,Mount XLR Official: Instagram,https://linktr.ee/mountxlr,https://linktr.ee/mountxlr
miladutilh@gmail.com,artist website,"mana.intl Official: Instagram, Facebook",https://linktr.ee/mana.intl,https://www.mana-intl.net/post/itw-ugn%C3%A9-uma-at-meakusma-festival-music-as-unfiltered-honesty
mimi.geniale1@gmail.com,linktree page,mimi.geniale_ Official: Instagram,https://linktr.ee/mimi.geniale_,https://linktr.ee/mimi.geniale_
momerymusic@gmail.com,linktree page,"momery Official: TikTok, Instagram, Facebook",https://linktr.ee/momery,https://linktr.ee/momery
moondine.music@gmail.com,linktree page,Moondine Dj Official: Instagram,https://linktr.ee/Moondine.music,https://linktr.ee/Moondine.music
musicbycjrose@gmail.com,linktree page,CJ Rose Official Music - Listen to songs on Spotify ...,https://linktr.ee/musicbycjrose,https://linktr.ee/musicbycjrose
omarekmusic@gmail.com,artist website,"Omar EK Official: Instagram, Facebook",https://linktr.ee/omarekmusic,https://www.omarekmusic.com/#2026-dates-section
omemofc@gmail.com,linktree page,omemofc Official: Instagram,https://linktr.ee/omemofc,https://linktr.ee/omemofc
onirism.booking@gmail.com,linktree page,"andredalcan Official: Instagram, Facebook",https://linktr.ee/andredalcan,https://linktr.ee/andredalcan
ornella@zenithbookings.com,linktree page,"SOLE DOSI Official: TikTok, Instagram",https://linktr.ee/soledosi,https://linktr.ee/soledosi
orvillekline@mac.com,linktree page,"orvillekline Official: Instagram, X, Facebook",https://linktr.ee/orvillekline,https://linktr.ee/orvillekline
oskarmusique@outlook.fr,linktree page,"Oskar Official: TikTok, Instagram, Facebook",https://linktr.ee/Oskarmusique,https://linktr.ee/Oskarmusique
pellouan@gmail.com,linktree page,anti_logic Official: Instagram,https://linktr.ee/anti_logic,https://linktr.ee/anti_logic
pinkperoli@gmail.com,linktree page,peroli Official: Instagram,https://linktr.ee/peroli,https://linktr.ee/peroli
pitivaccari@gmail.com,linktree page,"P I T I V A C C A R I Official: Instagram, Facebook",https://linktr.ee/pitivaccari,https://linktr.ee/pitivaccari
plaisirdefrancemusique@gmail.com,linktree page,"plaisirdefrance Official: Instagram, Facebook",https://linktr.ee/plaisirdefrance,https://linktr.ee/plaisirdefrance
prakriti@interbeing.agency,linktree page,kohra_ Official: Instagram,https://linktr.ee/kohra_,https://linktr.ee/kohra_
quentin@bingobingo.fr,linktree page,"theoterev Official: Instagram, Facebook",https://linktr.ee/theoterev,https://linktr.ee/theoterev
rankngdj@gmail.com,artist website,rankng_dj Official Music - Listen to songs on Spotify,https://linktr.ee/rankng_dj,https://www.djrankng.com/limited-unreleaseds-vol2-
rdo.uptempo@gmail.com,linktree page,"RDØ Official: TikTok, Instagram",https://linktr.ee/Rdo_Uptempo,https://linktr.ee/Rdo_Uptempo
reox.events.pro@gmail.com,linktree page,DJ RéOx Official: Instagram,https://linktr.ee/reox.events.pro,https://linktr.ee/reox.events.pro
reydotv@gmail.com,linktree page,"@Reydo Official: TikTok, Instagram, Twitch",https://linktr.ee/Mrreydo,https://linktr.ee/Mrreydo
rhythmbarnyard@gmail.com,artist website,"rhythmbarnyard Official: TikTok, Instagram, Facebook",https://linktr.ee/rhythmbarnyard,https://rhythmbarnyard.com/learning
riwis.music@gmail.com,linktree page,RiWiS_ Official: Instagram,https://linktr.ee/RiWiS_,https://linktr.ee/RiWiS_
sanemusiq@gmail.com,linktree page,whataboutsane Official: Instagram,https://linktr.ee/whataboutsane,https://linktr.ee/whataboutsane
saygone@lethimcookradio.com,linktree page,"SAY GONE Official: TikTok, Instagram",https://linktr.ee/saygone,https://linktr.ee/saygone
serrelouanna@gmail.com,artist website,"ladurso Official: TikTok, Instagram",https://linktr.ee/ladurso,https://www.ladurso.com
service.showdjpye@gmail.com,linktree page,"dj.pye Official: Instagram, Facebook",https://linktr.ee/dj.pye,https://linktr.ee/dj.pye
shop@atarashi.fr,artist website,ATARASHI Official: Instagram,https://linktr.ee/atarashi,http://www.atarashishop.com
softcoreunlimitedrecords@gmail.com,linktree page,"INFINITY DIVISION Official: TikTok, Instagram",https://linktr.ee/Infinitydivisionx,https://linktr.ee/Infinitydivisionx
soledosimusic@gmail.com,linktree page,"SOLE DOSI Official: TikTok, Instagram",https://linktr.ee/soledosi,https://linktr.ee/soledosi
stephaneviard.fair@gmail.com,linktree page,"chloé - Listen to songs on Bandcamp, Soundcloud",https://linktr.ee/chloethevenin,https://linktr.ee/chloethevenin
t5radioenquiries@gmail.com,linktree page,danielenache Official: Instagram,https://linktr.ee/danielenache,https://linktr.ee/danielenache
tajinetabasco@gmail.com,linktree page,tajine.tabasco Official: Instagram,https://linktr.ee/tajine.tabasco,https://linktr.ee/tajine.tabasco
takeaseatwithg@gmail.com,linktree page,"giaproducer Official: TikTok, Instagram, X",https://linktr.ee/giaproducer,https://linktr.ee/giaproducer
thedigitalfighter@gmail.com,linktree page,"digitalfighter Official: Instagram, Facebook",https://linktr.ee/digitalfighter,https://linktr.ee/digitalfighter
thijs@root-artists.com,linktree page,blisssinc Official: Instagram,https://linktr.ee/blisssinc,https://linktr.ee/blisssinc
ucmediafun@gmail.com,linktree page,"Luçay - Media & Fun Official: Instagram, Facebook",https://linktr.ee/ucmf,https://linktr.ee/ucmf
urbanlab24@gmail.com,linktree page,"urbanlabtoulouse Official: TikTok, Instagram, Facebook",https://linktr.ee/urbanlabtoulouse,https://linktr.ee/urbanlabtoulouse
v.kuzanagi@gmail.com,linktree page,"vince_kuzanagi Official: Instagram, Facebook",https://linktr.ee/vince_kuzanagi,https://linktr.ee/vince_kuzanagi
valentin@off-agency.com,linktree page,"RDØ Official: TikTok, Instagram",https://linktr.ee/Rdo_Uptempo,https://linktr.ee/Rdo_Uptempo
valerio@zenithbookings.com,linktree page,"xelisabeex Official: Instagram, X, Facebook",https://linktr.ee/xelisabeex,https://linktr.ee/xelisabeex
vandevoordevalentin@gmail.om,linktree page,"DJ Software Official: Instagram, Facebook",https://linktr.ee/djsoftware_,https://linktr.ee/djsoftware_
vincent@a2pr.net,linktree page,"DjBloch Official: Instagram, Facebook",https://linktr.ee/DjBloch,https://linktr.ee/DjBloch
vip@atarashi.fr,artist website,ATARASHI Official: Instagram,https://linktr.ee/atarashi,https://atarashi.fr/
voltaire.promo@gmail.com,linktree page,VOLTAIRE Official: Instagram,https://linktr.ee/voltaire_,https://linktr.ee/voltaire_
vs.technodj@gmail.com,linktree page,"vs__techno Official: TikTok, Instagram",https://linktr.ee/vs__techno,https://linktr.ee/vs__techno
wawrzy.music@gmail.com,linktree page,"WAWRZY Official: TikTok, Instagram",https://linktr.ee/WAWRZY,https://linktr.ee/WAWRZY
will@fortsetzen.com,linktree page,"Posthuman Official: Instagram, Facebook, Threads",https://linktr.ee/posthumanmusic,https://linktr.ee/posthumanmusic
worldfamous.online@gmail.com,linktree page,alexfromtokyo Official Music - Listen to songs on Spotify ...,https://linktr.ee/alexfromtokyo,https://linktr.ee/alexfromtokyo
