email,email_type,source,profile_title,profile_url,found_on,country,country_basis
23.4techno@gmail.com,personal,linktree page,23.4 Official: Facebook,https://linktr.ee/23.4,https://linktr.ee/23.4,France,bio/links
abi@sentimentalvoices.com,agency/management,artist youtube page,"onlyfire Official: TikTok, Instagram, X",https://linktr.ee/onlyfire,https://www.youtube.com/@onlyfire/about,unknown,
adahymusic@gmail.com,personal,linktree page,"ADAHY Official: Instagram, Facebook",https://linktr.ee/adahymusic,https://linktr.ee/adahymusic,France,weak bio hint
adjowa.kkari@gmail.com,personal,linktree page,999ADJ Official: Instagram,https://linktr.ee/999adj,https://linktr.ee/999adj,United States,bio/links
agathe@klsbookings.com,agency/management,linktree page,"bambi____ Official: Instagram, Facebook",https://linktr.ee/bambi____,https://linktr.ee/bambi____,unknown,
alasdair@arcade-talent.com,agency/management,linktree page,"Marli Official: TikTok, Instagram, Threads",https://linktr.ee/marligrosskopf,https://linktr.ee/marligrosskopf,France,weak bio hint
aline.bgn@gmail.com,personal,linktree page,"V i t a l i n e Official: Instagram, Facebook",https://linktr.ee/_vitaline,https://linktr.ee/_vitaline,unknown,
alna@alnasound.com,personal,linktree page,"ALNA Official: TikTok, Instagram, Facebook",https://linktr.ee/alnasound,https://linktr.ee/alnasound,unknown,
alo@prismaartists.com,agency/management,linktree page,"cinthie_dj Official: Instagram, Facebook, Twitter | Linktree",https://linktr.ee/cinthie_dj,https://linktr.ee/cinthie_dj,Germany,bio/links
alstonparesa@gmail.com,personal,linktree page,Alston Official: Instagram,https://linktr.ee/iwant45s,https://linktr.ee/iwant45s,United States,bio/links
alyssa-gia@effect-mgmt.com,agency/management,linktree page,"ALYSSA & GIA Official: TikTok, Instagram | Linktree",https://linktr.ee/alyssa_gia_music,https://linktr.ee/alyssa_gia_music,Germany,weak bio hint
andrewcanlon@gmail.com,personal,linktree page,andrewcanlon Official: Instagram,https://linktr.ee/andrewcanlon,https://linktr.ee/andrewcanlon,unknown,
arielbaum@gmail.com,personal,linktree page,ARIEL BAUM Official: Facebook,https://linktr.ee/ArielBaum,https://linktr.ee/ArielBaum,unknown,
armanakhanbusiness@gmail.com,personal,linktree page,ARMANA KHAN Official: Instagram,https://linktr.ee/armanakhan,https://linktr.ee/armanakhan,United States,bio/links
axipitor@gmail.com,personal,linktree page,"axipitor Official: TikTok, Instagram, Facebook, Twitch",https://linktr.ee/axipitor,https://linktr.ee/axipitor,unknown,
axonberg@gmail.com,personal,linktree page,DJ/ARCHIVIST⛏️⛏️ Official: Instagram,https://linktr.ee/axonberg,https://linktr.ee/axonberg,unknown,
ayavlasheez@gmail.com,personal,linktree page,"DJ Aya Vlasheez Official: TikTok, Instagram, Facebook",https://linktr.ee/ayavlasheez,https://linktr.ee/ayavlasheez,unknown,
babyratta@hotmail.com,personal,linktree page,"neurokill Official: Instagram, Facebook",https://linktr.ee/neurokill,https://linktr.ee/neurokill,Mexico,bio/links
backfromthewave@gmail.com,personal,linktree page,backfromthewave Official: Instagram,https://linktr.ee/backfromthewave,https://linktr.ee/backfromthewave,unknown,
bbbbmariadddd@gmail.com,personal,linktree page,@mariasatelles Official: Instagram | Linktree,https://linktr.ee/djmaria.japan,https://linktr.ee/djmaria.japan,unknown,
bbdeng@egoriot.com,agency/management,linktree page,"bb.deng Official: Instagram, Facebook",https://linktr.ee/bb.deng,https://linktr.ee/bb.deng,Germany,weak bio hint
bbdengmusic@gmail.com,personal,linktree page,"bb.deng Official: Instagram, Facebook",https://linktr.ee/bb.deng,https://linktr.ee/bb.deng,Germany,weak bio hint
beau.vandergraaf@atbookings.com,agency/management,linktree page,DJ JEAN,https://linktr.ee/DJJEANOFFICIAL,https://linktr.ee/DJJEANOFFICIAL,Netherlands,booking agents on .nl domains (weak)
bempah@scarythingsldn.com,agency/management,artist soundcloud page,"BEMPAH Official: Instagram, X",https://linktr.ee/Bempah,https://soundcloud.com/djbempah,United Kingdom,bio/links
ben@earth-agency.com,agency/management,linktree page,"HiTech Detroit Official: TikTok, Instagram",https://linktr.ee/hitechdetroit,https://linktr.ee/hitechdetroit,United States,bio/links
bf@t-s-agency.com,agency/management,linktree page,"cinthie_dj Official: Instagram, Facebook, Twitter | Linktree",https://linktr.ee/cinthie_dj,https://linktr.ee/cinthie_dj,Germany,bio/links
booking.dashdj@gmail.com,booking (own address),linktree page,dash_sl Official: Instagram,https://linktr.ee/dash_sl,https://linktr.ee/dash_sl,Germany,weak bio hint
booking.djbaguette@gmail.com,booking (own address),linktree page,"DJ Baguette Official: TikTok, Instagram, Facebook",https://linktr.ee/djbaguette,https://linktr.ee/djbaguette,France,bio/links
booking.djmast@gmail.com,booking (own address),linktree page,DJ MAST,https://linktr.ee/djmast,https://linktr.ee/djmast,France,bio/links
booking.flax@gmail.com,booking (own address),linktree page,flaxmusic Official: Instagram,https://linktr.ee/flaxmusic,https://linktr.ee/flaxmusic,unknown,
booking.maisonsonore@gmail.com,booking (own address),linktree page,"digitalfighter Official: Instagram, Facebook",https://linktr.ee/digitalfighter,https://linktr.ee/digitalfighter,France,weak bio hint
booking@amsbooking.fr,agency/management,artist soundcloud page,"blackclub Official: TikTok, Instagram",https://linktr.ee/blackclub,https://soundcloud.com/blackclubfm,United States,bio/links
booking@flaxmusic.studio,booking (own address),linktree page,flaxmusic Official: Instagram,https://linktr.ee/flaxmusic,https://linktr.ee/flaxmusic,unknown,
booking@interwave.live,agency/management,linktree page,"chloé - Listen to songs on Bandcamp, Soundcloud",https://linktr.ee/chloethevenin,https://linktr.ee/chloethevenin,unknown,
booking@killthevoid.com,booking (own address),linktree page,"KILL THE VOID Official: TikTok, Instagram",https://linktr.ee/killthevoid,https://linktr.ee/killthevoid,unknown,
booking@lxymusic.com,booking (own address),linktree page,LXY Official: Instagram,https://linktr.ee/lxy.music,https://linktr.ee/lxy.music,unknown,
booking@obsession.management,agency/management,linktree page,"ROSE DE FRANCE Official: TikTok, Instagram",https://linktr.ee/rosedefrance.contact,https://linktr.ee/rosedefrance.contact,unknown,
booking@tekknosucht.de,agency/management,linktree page,Zeyn Hardtechno DJ,https://linktr.ee/zeyn_techno,https://linktr.ee/zeyn_techno,Germany,bio/links
bookingmalzof@gmail.com,booking (own address),linktree page,𝕄𝔸𝕃ℤ𝕆𝔽 Official Music - Listen to songs on Soundcloud,https://linktr.ee/malzof,https://linktr.ee/malzof,unknown,
bookings.palladium@gmail.com,booking (own address),linktree page,Palladium Official: Instagram,https://linktr.ee/Pa1ladium,https://linktr.ee/Pa1ladium,unknown,
bookings@discono.club,agency/management,linktree page,ARMANA KHAN Official: Instagram,https://linktr.ee/armanakhan,https://linktr.ee/armanakhan,United States,bio/links
bookings@posthumanmusic.com,booking (own address),linktree page,"Posthuman Official: Instagram, Facebook, Threads",https://linktr.ee/posthumanmusic,https://linktr.ee/posthumanmusic,United Kingdom,weak bio hint
bookings@subradeon.com,booking (own address),linktree page,"Subradeon Official: Instagram, Facebook",https://linktr.ee/Subradeon,https://linktr.ee/Subradeon,unknown,
bruce@archangeluk.com,agency/management,artist page,Nathassia,https://linktr.ee/Nathassia,https://soundcloud.com/nathassiadevine,United Kingdom,agent domain .uk (archangeluk)
bxtchbopz@gmail.com,personal,linktree page,BitchBopz Official: Instagram,https://linktr.ee/bitchbopz,https://linktr.ee/bitchbopz,unknown,
carolschutzer@gmail.com,personal,linktree page,cashu Official: Instagram,https://linktr.ee/cashuuu,https://linktr.ee/cashuuu,Brazil,bio/links
charles@omni-artists.net,agency/management,artist soundcloud page,madmiran Official Music - Listen to songs on Bandcamp ...,https://linktr.ee/madmiran,https://soundcloud.com/madmiran,unknown,
chdistress@gmail.com,personal,artist soundcloud page,Cherry Distress Official: Instagram,https://linktr.ee/cherrydistress,https://www.soundcloud.com/cherrydistress,unknown,
cheekymonkeysbooking@gmail.com,booking (own address),linktree page,"Cheeky Monkeys Dj only vinyls Official: Instagram, Facebook",https://linktr.ee/cheekymonkeysdj,https://linktr.ee/cheekymonkeysdj,France,bio/links
cisco@djcisco.com,personal,linktree page,@DJCiscoEntertainment - Linktree,https://linktr.ee/djciscoentertainment,https://linktr.ee/djciscoentertainment,unknown,
clement@bingobooking.fr,agency/management,linktree page,"RONI Official: Instagram, Facebook",https://linktr.ee/roni_nza,https://linktr.ee/roni_nza,France,email domain
constantinehlms@gmail.com,personal,linktree page,"constantinehlms Official: TikTok, Instagram",https://linktr.ee/constantinehlms,https://linktr.ee/constantinehlms,United States,weak bio hint
contact@aperobyaustin.com,general contact (own domain),linktree page,"austin.sounds Official: TikTok, Instagram | Linktree",https://linktr.ee/austin.sounds,https://linktr.ee/austin.sounds,Germany,bio/links
contact@chloethevenin.com,general contact (own domain),linktree page,"chloé - Listen to songs on Bandcamp, Soundcloud",https://linktr.ee/chloethevenin,https://linktr.ee/chloethevenin,unknown,
contact@daveedj.fr,general contact (own domain),artist website,"daveedjee Official: TikTok, Instagram, Facebook",https://linktr.ee/daveedjee,http://daveedj.fr,France,bio/links
contact@djblackjs.com,general contact (own domain),linktree page,DJ BLACK J'S,https://linktr.ee/djblackjs,https://linktr.ee/djblackjs,France,bio/links
contact@lumierenoirerecords.com,label,linktree page,"chloé - Listen to songs on Bandcamp, Soundcloud",https://linktr.ee/chloethevenin,https://linktr.ee/chloethevenin,unknown,
contact@neljamusic.de,general contact (own domain),linktree page,"NELJA Official: TikTok, Instagram | Linktree",https://linktr.ee/nelja.music,https://linktr.ee/nelja.music,Germany,bio/links
contact@stghislain.com,general contact (own domain),linktree page,St Ghislain,https://linktr.ee/stghislain,https://linktr.ee/stghislain,France,"page title: Hauts-de-France, France"
contact@trackwork.work,agency/management,artist tiktok page,"VV PETE Official: TikTok, Instagram",https://linktr.ee/varvieworld,https://www.tiktok.com/@vvpete,Australia,bio/links
contact@wild-side-communications.fr,agency/management,linktree page,"Florian Defresne Official: TikTok, Instagram, Facebook",https://linktr.ee/floriandefresne,https://linktr.ee/floriandefresne,France,weak bio hint
contact@willzegal.fr,general contact (own domain),linktree page,@willzegal,https://linktr.ee/willzegal,https://linktr.ee/willzegal,France,email domain
contact@zelecter.de,general contact (own domain),linktree page,ZELECTER | Hardstyle DJ | Linktree,https://linktr.ee/zelecter,https://linktr.ee/zelecter,Germany,weak bio hint
cosperthenomad@gmail.com,personal,linktree page,cosperthenomad,https://linktr.ee/cosperthenomad,https://linktr.ee/cosperthenomad,unknown,
coucou.loveletters@gmail.com,personal,linktree page,"Housecall Official: Instagram, Facebook",https://linktr.ee/housecall_,https://linktr.ee/housecall_,unknown,
deejayvax909@gmail.com,personal,linktree page,"deejay VAX Official: TikTok, Instagram, X",https://linktr.ee/DEEJAYVAX,https://linktr.ee/DEEJAYVAX,Switzerland,bio/links
dellapina.music@gmail.com,personal,artist youtube page,"DELLAPINA Official: TikTok, Instagram",https://linktr.ee/dellapinamusic,https://www.youtube.com/@DELLAPINAMUSIC/about,unknown,
denis.conseil@free.fr,personal,linktree page,Denis C Official: Instagram,https://linktr.ee/deniscdj,https://linktr.ee/deniscdj,France,bio/links
diana.ddz@gmail.com,personal,linktree page,diana dzjamaldaeva Official: Instagram,https://linktr.ee/diana_dzjamaldaeva,https://linktr.ee/diana_dzjamaldaeva,unknown,
dirtyswift@gmail.com,personal,linktree page,"dirtyswift Official: TikTok, Instagram, X, Twitter",https://linktr.ee/dirtyswift,https://linktr.ee/dirtyswift,France,bio/links
dj@mijay-dee.com,personal,linktree page,MIJAY DEE [DJ•Michael Doepke] Official,https://linktr.ee/midoe,https://linktr.ee/midoe,unknown,
djamberlynn@gmail.com,personal,artist website,"""""DJ Baby Berlin: Party Witch, Twitch Partner, Wedding DJ ... - Linktree",https://linktr.ee/djbabyberlin,http://djbabyberlin.com,United States,weak bio hint
djayescold@gmail.com,personal,linktree page,Ayesha Official: Twitch,https://linktr.ee/aye5ha,https://linktr.ee/aye5ha,United States,bio/links
djfetevousplaisir@gmail.com,personal,linktree page,"DJ VINCE® Official: TikTok, Instagram, Facebook",https://linktr.ee/Djvince,https://linktr.ee/Djvince,France,bio/links
djfrancky974@gmail.com,personal,linktree page,"Dj Franky 974 Official: TikTok, Instagram, X, Facebook, ...",https://linktr.ee/djfranky.974,https://linktr.ee/djfranky.974,France,bio/links
djgigola@livefromearth.de,agency/management,linktree page,"djgigola Official: TikTok, Instagram | Linktree",https://linktr.ee/djgigola,https://linktr.ee/djgigola,Germany,email domain
djglenjohn@gmail.com,personal,linktree page,djglenjohn Official: Instagram,https://linktr.ee/djglenjohn,https://linktr.ee/djglenjohn,France,bio/links
djhlmnn23@gmail.com,personal,linktree page,"@djhilman_ Official: TikTok, Instagram, Facebook | Linktree",https://linktr.ee/djhlmnn,https://linktr.ee/djhlmnn,unknown,
djjawzy@live.co.uk,personal,linktree page,"DJ Official: TikTok, Instagram",https://linktr.ee/dj_play,https://linktr.ee/dj_play,United Kingdom,email domain
djkuteffekt@gmail.com,personal,linktree page,"djkuteffekt Official: TikTok, Instagram, Facebook",https://linktr.ee/djkuteffekt,https://linktr.ee/djkuteffekt,France,bio/links
djmaria@octopus-agents.com,agency/management,linktree page,@mariasatelles Official: Instagram | Linktree,https://linktr.ee/djmaria.japan,https://linktr.ee/djmaria.japan,unknown,
djncproductions@hotmail.com,personal,linktree page,ncofficiall Official: Instagram,https://linktr.ee/ncofficiall,https://linktr.ee/ncofficiall,unknown,
djniabi@gmail.com,personal,linktree page,NIABI_ Official: Instagram,https://linktr.ee/NIABI_,https://linktr.ee/NIABI_,unknown,
djnippy1@gmail.com,personal,linktree page,"🎧 DJ NIPPY 🎧 Official: TikTok, Instagram, Facebook",https://linktr.ee/djnippy1,https://linktr.ee/djnippy1,France,weak bio hint
djnvolkova@gmail.com,personal,artist youtube page,djvolkova Official: Instagram,https://linktr.ee/djvolkova,https://www.youtube.com/@VOLKOVADJ/about,Portugal,bio/links
djprimbeats@gmail.com,personal,artist soundcloud page,DJ PRIM Official: Twitter,https://linktr.ee/djprimbeats,http://Www.soundcloud.com/djprimbeats,unknown,
djramemes@gmail.com,personal,linktree page,"DJ RaMeMes Official: Instagram, X",https://linktr.ee/djramemes,https://linktr.ee/djramemes,Brazil,weak bio hint
djsennin@proton.me,personal,linktree page,"Sennin Official: Instagram, Facebook",https://linktr.ee/djsennin,https://linktr.ee/djsennin,France,weak bio hint
djturker@djturker.com,personal,linktree page,DJ Turker Yilmaz Wedding & Private Party DJ | Linktree,https://linktr.ee/djturker,https://linktr.ee/djturker,United States,bio/links
djvmix.pro@gmail.com,personal,linktree page,DJ - Producer Official: Instagram,https://linktr.ee/DJV_MIX,https://linktr.ee/DJV_MIX,Spain,bio/links
dominykasmartusevicius@gmail.com,personal,linktree page,"HadesDj | Instagram, Facebook | Linktree",https://linktr.ee/HadesDj,https://linktr.ee/HadesDj,unknown,
dot2dot.bkng@gmail.com,booking (own address),linktree page,"Morgotika Official: Instagram, Facebook",https://linktr.ee/morgotika,https://linktr.ee/morgotika,Belarus,bio/links
dreeveeseen@gmail.com,personal,linktree page,"Morgotika Official: Instagram, Facebook",https://linktr.ee/morgotika,https://linktr.ee/morgotika,Belarus,bio/links
eddyjpmac@gmail.com,personal,artist soundcloud page,"EddyMac.dj Official: Instagram, Facebook",https://linktr.ee/EddyMac.dj,https://soundcloud.com/eddymacmusic,France,bio/links
eg.goodstuffs@gmail.com,personal,linktree page,"EG_ Official: Instagram, Facebook",https://linktr.ee/EG_,https://linktr.ee/EG_,unknown,
encoreuneautredj@gmail.com,personal,linktree page,"encore une autre Official: TikTok, Instagram",https://linktr.ee/encoreuneautre,https://linktr.ee/encoreuneautre,unknown,
enflure.mgmt@gmail.com,management,linktree page,enflure.dj Official: Instagram,https://linktr.ee/enflure.dj,https://linktr.ee/enflure.dj,unknown,
ernamontanna@gmail.com,personal,linktree page,ERNA Official: Instagram,https://linktr.ee/ernaaaa,https://linktr.ee/ernaaaa,France,email domain
ersin@ampliaberlin.com,agency/management,linktree page,"A.N.I. Official: TikTok, Instagram | Linktree",https://linktr.ee/a.n.i.dj,https://linktr.ee/a.n.i.dj,unknown,
expensivekvr@gmail.com,personal,linktree page,"ExpensiveKVR Official: TikTok, Instagram, Facebook",https://linktr.ee/ExpensiveKVR,https://linktr.ee/ExpensiveKVR,Belgium,bio/links
explity@outlook.com,personal,linktree page,"neurokill Official: Instagram, Facebook",https://linktr.ee/neurokill,https://linktr.ee/neurokill,Mexico,bio/links
explitybooking@gmail.com,booking (own address),linktree page,"neurokill Official: Instagram, Facebook",https://linktr.ee/neurokill,https://linktr.ee/neurokill,Mexico,bio/links
finallykindred@outlook.com,personal,artist youtube page,Preston France - Recording Artist Kindred,https://linktr.ee/theprestonfrance,https://www.youtube.com/channel/UCEeobKCk2ffc3TpRcp0Ln4w/about,unknown,
floso.sound@gmail.com,personal,linktree page,flosomusic,https://linktr.ee/flosomusic,https://linktr.ee/flosomusic,France,weak bio hint
glia@bookthemall.com,agency/management,linktree page,"glia.dj Official: TikTok, Instagram, Facebook | Linktree",https://linktr.ee/glia.dj,https://linktr.ee/glia.dj,unknown,
globaldj909@gmail.com,personal,linktree page,"Global DJ Official: Instagram, Facebook, Twitch",https://linktr.ee/globaldj,https://linktr.ee/globaldj,unknown,
gothbarge@gmail.com,personal,linktree page,Goth Barge - Linktree,https://linktr.ee/gothbarge,https://linktr.ee/gothbarge,unknown,
hello@gilliancampbell.tv,general contact (own domain),artist soundcloud page,Gillielove Official: Instagram,https://linktr.ee/Gillielove,https://soundcloud.com/gillielove,France,bio/links
hello@skorm-agency.com,agency/management,linktree page,"vs__techno Official: TikTok, Instagram",https://linktr.ee/vs__techno,https://linktr.ee/vs__techno,France,bio/links
higabby.dj@gmail.com,personal,artist tiktok page,"H!Gabby Official: TikTok, Instagram, X",https://linktr.ee/higabby,https://www.tiktok.com/@hi__gabby,France,bio/links
hitechmanagementdetwah@gmail.com,management,linktree page,"HiTech Detroit Official: TikTok, Instagram",https://linktr.ee/hitechdetroit,https://linktr.ee/hitechdetroit,United States,bio/links
hodan.e.freelance@gmail.com,personal,linktree page,Hodan_unplugged Official Music - Listen to songs on ...,https://linktr.ee/Hodan_unplugged,https://linktr.ee/Hodan_unplugged,unknown,
hola@gabolora.com,personal,linktree page,Music artist Official: Instagram,https://linktr.ee/gaboloramusic,https://linktr.ee/gaboloramusic,France,weak bio hint
housecall.contact@gmail.com,personal,linktree page,"Housecall Official: Instagram, Facebook",https://linktr.ee/housecall_,https://linktr.ee/housecall_,unknown,
hugo@isotonestudio.com,label,linktree page,"mok_t Official: Instagram, Facebook",https://linktr.ee/mok_t,https://linktr.ee/mok_t,unknown,
humanmargareeta@gmail.com,personal,linktree page,HUMAN MARGAREETA Official: Instagram,https://linktr.ee/humanmargareeta,https://linktr.ee/humanmargareeta,Ukraine,bio/links
info@10tonagency.com,agency/management,artist soundcloud page,AKSENT North Dublin based independent electronic artist.,https://linktr.ee/Aksent,https://soundcloud.com/aksent_ie,Ireland,weak bio hint
info@boddhi-satva.com,general contact (own domain),artist youtube page,"boddhisatva Official: Instagram, X, Facebook",https://linktr.ee/boddhisatva,https://www.youtube.com/user/boddhisatvavarti/about,unknown,
info@cold-brewed.co.uk,agency/management,linktree page,msevenfive Official: Instagram,https://linktr.ee/msevenfive,https://linktr.ee/msevenfive,United Kingdom,email domain
info@dj2fly.com,general contact (own domain),linktree page,DJ 2FLY,https://linktr.ee/deejay2fly,https://linktr.ee/deejay2fly,Germany,page bio: Bayreuth
info@joiahmusic.com,general contact (own domain),linktree page,Joiah Official: Instagram,https://linktr.ee/joiahmusic,https://linktr.ee/joiahmusic,Netherlands,weak bio hint
info@lxymusic.com,general contact (own domain),linktree page,LXY Official: Instagram,https://linktr.ee/lxy.music,https://linktr.ee/lxy.music,unknown,
info@minibevents.com,general contact (own domain),artist website,DJ MiniB - MiniB Events Servic,https://linktr.ee/MiniB.Events,https://minibevents.com,Belgium,"own website: Liège, Belgique"
info@miriamlove.com,general contact (own domain),linktree page,"@Iammiriamloveofficial Official: TikTok, Instagram, X ...",https://linktr.ee/Iammiriamlove,https://linktr.ee/Iammiriamlove,unknown,
info@neuentrtnmnt.com,agency/management,linktree page,WhodafunkisGreg Official: Instagram,https://linktr.ee/WhodafunkisGreg,https://linktr.ee/WhodafunkisGreg,Canada,bio/links
info@phuturewax.de,agency/management,linktree page,@djtomwax,https://linktr.ee/djtomwax,https://linktr.ee/djtomwax,Germany,booking email .de domain
inquiries@sarabluma.com,general contact (own domain),linktree page,Sara Bluma Official: Instagram,https://linktr.ee/sara.bluma,https://linktr.ee/sara.bluma,Algeria,weak bio hint
jack@primarytalent.com,agency/management,artist soundcloud page,"JAEL - TikTok, Instagram, X, Facebook, Twitch",https://linktr.ee/knownasjael,https://soundcloud.com/ja-el,Netherlands,bio/links
jaelbeats@gmail.com,personal,artist soundcloud page,"JAEL - TikTok, Instagram, X, Facebook, Twitch",https://linktr.ee/knownasjael,https://soundcloud.com/ja-el,Netherlands,bio/links
jamiraestradaxo@gmail.com,personal,artist soundcloud page,jamiraestrada Official: Instagram,https://linktr.ee/jamiraestrada,https://soundcloud.com/jamiraest,unknown,
jan@makinoagency.com,agency/management,artist soundcloud page,"traildnb Official: Instagram, Facebook",https://linktr.ee/traildnb,https://soundcloud.com/traildnb,France,bio/links
jb@supermonamour.com,agency/management,linktree page,divin0 Official: Instagram,https://linktr.ee/divin0,https://linktr.ee/divin0,France,bio/links
jef_nice@outlook.com,personal,linktree page,Jef Nice,https://linktr.ee/jef_nice,https://linktr.ee/jef_nice,Belgium,page link: Maanrock Festival (Mechelen)
jeremy@weaveragency.com.au,agency/management,linktree page,"Marli Official: TikTok, Instagram, Threads",https://linktr.ee/marligrosskopf,https://linktr.ee/marligrosskopf,France,weak bio hint
jodie@mdcberlin.com,personal,linktree page,The Ghost Official: Instagram | Linktree,https://linktr.ee/ghostberlin,https://linktr.ee/ghostberlin,Germany,weak bio hint
josh@groundcontroltouring.com,agency/management,linktree page,"HiTech Detroit Official: TikTok, Instagram",https://linktr.ee/hitechdetroit,https://linktr.ee/hitechdetroit,United States,bio/links
jplantieri@yahoo.com,personal,linktree page,"jplantieri Official: Instagram, Facebook",https://linktr.ee/jplantieri,https://linktr.ee/jplantieri,Netherlands,weak bio hint
jpt.mgmt@gmail.com,management,linktree page,"DJWicked Official: TikTok, X | Linktree",https://linktr.ee/DJWicked,https://linktr.ee/DJWicked,Belgium,weak bio hint
juliette.coste@supermonamour.com,agency/management,linktree page,"chloé - Listen to songs on Bandcamp, Soundcloud",https://linktr.ee/chloethevenin,https://linktr.ee/chloethevenin,unknown,
kaidara.bookings@gmail.com,booking (own address),artist soundcloud page,KAIDARA Official: Instagram,https://linktr.ee/kaidara,https://soundcloud.com/kaidara,unknown,
ken@shush.dance,agency/management,linktree page,Ken Okuda Official: Instagram,https://linktr.ee/kenokuda,https://linktr.ee/kenokuda,Germany,weak bio hint
kkjjaahh@gmail.com,personal,linktree page,blisssinc Official: Instagram,https://linktr.ee/blisssinc,https://linktr.ee/blisssinc,unknown,
koboyo.production@gmail.com,personal,linktree page,"Koboyo Official: Instagram, Facebook",https://linktr.ee/Koboyo,https://linktr.ee/Koboyo,France,bio/links
kymrabooking@gmail.com,booking (own address),linktree page,"KYMRA Official: TikTok, Instagram",https://linktr.ee/KYMRA,https://linktr.ee/KYMRA,France,bio/links
lacortemariana@gmail.com,personal,linktree page,"mariana lacorte Official: TikTok, Instagram, X, Facebook",https://linktr.ee/orinkomarianalacorte,https://linktr.ee/orinkomarianalacorte,Italy,weak bio hint
latinchatdj@proton.me,personal,linktree page,"DJ Latinchat Official: Instagram, X",https://linktr.ee/djlatinchat,https://linktr.ee/djlatinchat,unknown,
lea.amara.mangement@gmail.com,personal,linktree page,MAEVOL Official: Instagram,https://linktr.ee/Maevol,https://linktr.ee/Maevol,unknown,
leilaxcollins@gmail.com,personal,artist website,lylla.collins Official Music - Listen to songs on Soundcloud,https://linktr.ee/lylla.collins,http://lyllacollins.blogspot.com/,unknown,
lewislastella@gmail.com,personal,linktree page,"Lewis Lastella - TikTok, Instagram, Facebook, Twitch",https://linktr.ee/lewislastella,https://linktr.ee/lewislastella,France,bio/links
lunaindaclubcontact@gmail.com,personal,artist tiktok page,"LUNAINDACLUB Official: TikTok, Instagram",https://linktr.ee/lunaindaclub,https://www.tiktok.com/@lunaindaclub,unknown,
maarten@vowta.com,agency/management,linktree page,"Coffintexts Official: TikTok, Instagram, X, Facebook",https://linktr.ee/Coffintexts,https://linktr.ee/Coffintexts,unknown,
maddyjay.contact@gmail.com,personal,linktree page,"maddyjay.music Official: TikTok, Instagram, Facebook",https://linktr.ee/maddyjay.music,https://linktr.ee/maddyjay.music,France,bio/links
mail@djicerolls.de,general contact (own domain),linktree page,"Anfragen: mail@djicerolls.de Official: TikTok, Instagram | Linktree",https://linktr.ee/djicerolls,https://linktr.ee/djicerolls,Germany,email domain
mail@drumskull.zone,general contact (own domain),linktree page,"Drumskull Official: Instagram, Facebook, Twitter",https://linktr.ee/drumskull,https://linktr.ee/drumskull,unknown,
mailtobidisc@gmail.com,personal,linktree page,+ Official: Instagram,https://linktr.ee/mailtobidisc,https://linktr.ee/mailtobidisc,Italy,bio/links
maivoor@gmail.com,personal,linktree page,"Maivoor Official: Instagram, Twitch",https://linktr.ee/maivoor,https://linktr.ee/maivoor,France,weak bio hint
management@pau-pau.com,agency/management,linktree page,"pau.barck Official: TikTok, Instagram",https://linktr.ee/pau.barck,https://linktr.ee/pau.barck,unknown,
management@stephanib.com,management,linktree page,"stephanib Official: TikTok, Instagram, Facebook | Linktree",https://linktr.ee/stephanib,https://linktr.ee/stephanib,unknown,
marbre.events@gmail.com,personal,linktree page,"Marbré™️ Official: Instagram, Facebook",https://linktr.ee/marbre,https://linktr.ee/marbre,unknown,
marlimusicau@gmail.com,personal,linktree page,"Marli Official: TikTok, Instagram, Threads",https://linktr.ee/marligrosskopf,https://linktr.ee/marligrosskopf,France,weak bio hint
martin@bonnenuit.club,agency/management,linktree page,"Housecall Official: Instagram, Facebook",https://linktr.ee/housecall_,https://linktr.ee/housecall_,unknown,
martin@harlemelectronics.com,personal,linktree page,Harlem Electronics Official: Instagram,https://linktr.ee/harlemelectronics,https://linktr.ee/harlemelectronics,United States,bio/links
mat@wildfiredjs.com,agency/management,linktree page,Mat the DJ Official: Instagram,https://linktr.ee/mat_the_dj,https://linktr.ee/mat_the_dj,France,bio/links
matk.ec@outlook.com,personal,artist soundcloud page,Matkec Official: Instagram,https://linktr.ee/matkec,https://soundcloud.com/matkec,unknown,
maurizio.ferrarapro@gmail.com,personal,linktree page,@djathome,https://linktr.ee/djathome,https://linktr.ee/djathome,Belgium,"page links: Belgium Pride, De School Amsterdam (Europe)"
max@amsbooking.fr,agency/management,artist tiktok page,"blackclub Official: TikTok, Instagram",https://linktr.ee/blackclub,https://www.tiktok.com/@blackclub_,United States,bio/links
maxx.lesnick@roamartists.com,agency/management,artist youtube page,"onlyfire Official: TikTok, Instagram, X",https://linktr.ee/onlyfire,https://www.youtube.com/@onlyfire/about,unknown,
maylis@hellopedro.fr,agency/management,linktree page,ERNA Official: Instagram,https://linktr.ee/ernaaaa,https://linktr.ee/ernaaaa,France,email domain
metis.prod@gmail.com,personal,linktree page,"@michelmiles Official: TikTok, Instagram, X, Facebook",https://linktr.ee/metisprod,https://linktr.ee/metisprod,unknown,
mezdumas@gmail.com,personal,artist website,"Mez Dumas Official: Instagram, Facebook",https://linktr.ee/mezdumas,http://www.mezdumas.com,Germany,bio/links
mgmt@mountxlr.com,management,linktree page,Mount XLR Official: Instagram,https://linktr.ee/mountxlr,https://linktr.ee/mountxlr,unknown,
mimi.geniale1@gmail.com,personal,linktree page,mimi.geniale_ Official: Instagram,https://linktr.ee/mimi.geniale_,https://linktr.ee/mimi.geniale_,unknown,
mira@fort-agency.com,agency/management,artist tiktok page,"blackclub Official: TikTok, Instagram",https://linktr.ee/blackclub,https://www.tiktok.com/@blackclub_,United States,bio/links
momerymusic@gmail.com,personal,linktree page,"momery Official: TikTok, Instagram, Facebook",https://linktr.ee/momery,https://linktr.ee/momery,unknown,
moondine.music@gmail.com,personal,linktree page,Moondine Dj Official: Instagram,https://linktr.ee/Moondine.music,https://linktr.ee/Moondine.music,unknown,
mrdonniesunshine@gmail.com,personal,artist soundcloud page,donnie_sunshine Official: Instagram,https://linktr.ee/donnie_sunshine,https://soundcloud.com/donniesunshine,unknown,
musicbycjrose@gmail.com,personal,linktree page,CJ Rose Official Music - Listen to songs on Spotify ...,https://linktr.ee/musicbycjrose,https://linktr.ee/musicbycjrose,unknown,
nickyyecko@gmail.com,personal,linktree page,Nicky G Dj,https://linktr.ee/Nickygdj,https://linktr.ee/Nickygdj,United Kingdom,UK phone number format
obsolater@gmail.com,personal,artist mixcloud page,𝔬𝔟𝔰𝔬 Official Music - Listen to songs on Soundcloud,https://linktr.ee/obsolater,https://www.mixcloud.com/obsolater/,Italy,bio/links
officialdjbiks@gmail.com,personal,artist soundcloud page,"BIKS Entertainment | Indian Wedding DJ, MC & Dhol",https://linktr.ee/biksentertainment,https://soundcloud.com/biksentertainment,United States,weak bio hint
omarekmusic@gmail.com,personal,artist website,"Omar EK Official: Instagram, Facebook",https://linktr.ee/omarekmusic,https://www.omarekmusic.com/#2026-dates-section,unknown,
omemofc@gmail.com,personal,linktree page,omemofc Official: Instagram,https://linktr.ee/omemofc,https://linktr.ee/omemofc,France,bio/links
onirism.booking@gmail.com,booking (own address),linktree page,"andredalcan Official: Instagram, Facebook",https://linktr.ee/andredalcan,https://linktr.ee/andredalcan,unknown,
onlyfiremgmt@gmail.com,management,artist youtube page,"onlyfire Official: TikTok, Instagram, X",https://linktr.ee/onlyfire,https://www.youtube.com/@onlyfire/about,unknown,
ornella@zenithbookings.com,agency/management,linktree page,"SOLE DOSI Official: TikTok, Instagram",https://linktr.ee/soledosi,https://linktr.ee/soledosi,unknown,
orvillekline@mac.com,personal,linktree page,"orvillekline Official: Instagram, X, Facebook",https://linktr.ee/orvillekline,https://linktr.ee/orvillekline,United States,weak bio hint
oskarmusique@outlook.fr,personal,linktree page,"Oskar Official: TikTok, Instagram, Facebook",https://linktr.ee/Oskarmusique,https://linktr.ee/Oskarmusique,United Kingdom,bio/links
pellouan@gmail.com,personal,linktree page,anti_logic Official: Instagram,https://linktr.ee/anti_logic,https://linktr.ee/anti_logic,unknown,
pinkperoli@gmail.com,personal,linktree page,peroli Official: Instagram,https://linktr.ee/peroli,https://linktr.ee/peroli,Brazil,weak bio hint
pitivaccari@gmail.com,personal,linktree page,"P I T I V A C C A R I Official: Instagram, Facebook",https://linktr.ee/pitivaccari,https://linktr.ee/pitivaccari,Spain,weak bio hint
plaisirdefrancemusique@gmail.com,personal,linktree page,"plaisirdefrance Official: Instagram, Facebook",https://linktr.ee/plaisirdefrance,https://linktr.ee/plaisirdefrance,France,bio/links
prakriti@interbeing.agency,agency/management,linktree page,kohra_ Official: Instagram,https://linktr.ee/kohra_,https://linktr.ee/kohra_,India,bio/links
promo@madmiran.com,promo/demos,artist soundcloud page,madmiran Official Music - Listen to songs on Bandcamp ...,https://linktr.ee/madmiran,https://soundcloud.com/madmiran,unknown,
promo@pakka-music.com,promo/demos,artist soundcloud page,pakkamusic,https://linktr.ee/pakkamusic,https://soundcloud.com/pakka,unknown,
quentin@bingobingo.fr,agency/management,linktree page,"theoterev Official: Instagram, Facebook",https://linktr.ee/theoterev,https://linktr.ee/theoterev,France,email domain
rana@studiokoto.nl,label,artist soundcloud page,"JAEL - TikTok, Instagram, X, Facebook, Twitch",https://linktr.ee/knownasjael,https://soundcloud.com/ja-el,Netherlands,bio/links
rankngdj@gmail.com,personal,artist website,rankng_dj Official Music - Listen to songs on Spotify,https://linktr.ee/rankng_dj,https://www.djrankng.com/limited-unreleaseds-vol2-,unknown,
rdo.uptempo@gmail.com,personal,linktree page,"RDØ Official: TikTok, Instagram",https://linktr.ee/Rdo_Uptempo,https://linktr.ee/Rdo_Uptempo,France,weak bio hint
reox.events.pro@gmail.com,personal,linktree page,DJ RéOx Official: Instagram,https://linktr.ee/reox.events.pro,https://linktr.ee/reox.events.pro,France,weak bio hint
reydotv@gmail.com,personal,linktree page,"@Reydo Official: TikTok, Instagram, Twitch",https://linktr.ee/Mrreydo,https://linktr.ee/Mrreydo,unknown,
rhythmbarnyard@gmail.com,personal,artist website,"rhythmbarnyard Official: TikTok, Instagram, Facebook",https://linktr.ee/rhythmbarnyard,https://rhythmbarnyard.com/learning,unknown,
riwis.music@gmail.com,personal,linktree page,RiWiS_ Official: Instagram,https://linktr.ee/RiWiS_,https://linktr.ee/RiWiS_,France,weak bio hint
rolf@anna-agency.nl,agency/management,linktree page,DJ JEAN,https://linktr.ee/DJJEANOFFICIAL,https://linktr.ee/DJJEANOFFICIAL,Netherlands,booking agents on .nl domains (weak)
sanemusiq@gmail.com,personal,linktree page,whataboutsane Official: Instagram,https://linktr.ee/whataboutsane,https://linktr.ee/whataboutsane,France,bio/links
serrelouanna@gmail.com,personal,artist website,"ladurso Official: TikTok, Instagram",https://linktr.ee/ladurso,https://www.ladurso.com,unknown,
service.showdjpye@gmail.com,personal,linktree page,"dj.pye Official: Instagram, Facebook",https://linktr.ee/dj.pye,https://linktr.ee/dj.pye,France,bio/links
softcoreunlimitedrecords@gmail.com,personal,linktree page,"INFINITY DIVISION Official: TikTok, Instagram",https://linktr.ee/Infinitydivisionx,https://linktr.ee/Infinitydivisionx,unknown,
soledosimusic@gmail.com,personal,linktree page,"SOLE DOSI Official: TikTok, Instagram",https://linktr.ee/soledosi,https://linktr.ee/soledosi,unknown,
spectaclesrecommandes@gmail.com,personal,linktree page,St Ghislain,https://linktr.ee/stghislain,https://linktr.ee/stghislain,France,"page title: Hauts-de-France, France"
spencer.pinson@roamartists.com,agency/management,artist youtube page,"onlyfire Official: TikTok, Instagram, X",https://linktr.ee/onlyfire,https://www.youtube.com/@onlyfire/about,unknown,
stephaneviard.fair@gmail.com,personal,linktree page,"chloé - Listen to songs on Bandcamp, Soundcloud",https://linktr.ee/chloethevenin,https://linktr.ee/chloethevenin,unknown,
stexevent@gmail.com,personal,artist youtube page,"Michael Toobz DJ Official: TikTok, Instagram",https://linktr.ee/michaeltoobz,https://www.youtube.com/@Mtoobz/featured/about,France,bio/links
t5radioenquiries@gmail.com,personal,linktree page,danielenache Official: Instagram,https://linktr.ee/danielenache,https://linktr.ee/danielenache,unknown,
tajinetabasco@gmail.com,personal,linktree page,tajine.tabasco Official: Instagram,https://linktr.ee/tajine.tabasco,https://linktr.ee/tajine.tabasco,France,bio/links
takeaseatwithg@gmail.com,personal,linktree page,"giaproducer Official: TikTok, Instagram, X",https://linktr.ee/giaproducer,https://linktr.ee/giaproducer,France,bio/links
thebrettberlin@gmail.com,personal,artist page,thebrettberlin Official: Facebook | Linktree,https://linktr.ee/thebrettberlin,https://soundcloud.com/thebrett,Germany,weak bio hint
thedigitalfighter@gmail.com,personal,linktree page,"digitalfighter Official: Instagram, Facebook",https://linktr.ee/digitalfighter,https://linktr.ee/digitalfighter,France,weak bio hint
thijs@root-artists.com,agency/management,linktree page,blisssinc Official: Instagram,https://linktr.ee/blisssinc,https://linktr.ee/blisssinc,unknown,
v.kuzanagi@gmail.com,personal,linktree page,"vince_kuzanagi Official: Instagram, Facebook",https://linktr.ee/vince_kuzanagi,https://linktr.ee/vince_kuzanagi,France,weak bio hint
valentin@off-agency.com,agency/management,linktree page,"RDØ Official: TikTok, Instagram",https://linktr.ee/Rdo_Uptempo,https://linktr.ee/Rdo_Uptempo,France,weak bio hint
valerio@zenithbookings.com,agency/management,linktree page,"xelisabeex Official: Instagram, X, Facebook",https://linktr.ee/xelisabeex,https://linktr.ee/xelisabeex,unknown,
vandevoordevalentin@gmail.om,personal,linktree page,"DJ Software Official: Instagram, Facebook",https://linktr.ee/djsoftware_,https://linktr.ee/djsoftware_,unknown,
vincent@a2pr.net,agency/management,linktree page,"DjBloch Official: Instagram, Facebook",https://linktr.ee/DjBloch,https://linktr.ee/DjBloch,France,bio/links
voltaire.promo@gmail.com,promo/demos,linktree page,VOLTAIRE Official: Instagram,https://linktr.ee/voltaire_,https://linktr.ee/voltaire_,France,weak bio hint
vs.technodj@gmail.com,personal,linktree page,"vs__techno Official: TikTok, Instagram",https://linktr.ee/vs__techno,https://linktr.ee/vs__techno,France,bio/links
wawrzy.music@gmail.com,personal,linktree page,"WAWRZY Official: TikTok, Instagram",https://linktr.ee/WAWRZY,https://linktr.ee/WAWRZY,unknown,
will@fortsetzen.com,agency/management,linktree page,"Posthuman Official: Instagram, Facebook, Threads",https://linktr.ee/posthumanmusic,https://linktr.ee/posthumanmusic,United Kingdom,weak bio hint
worldfamous.online@gmail.com,personal,linktree page,alexfromtokyo Official Music - Listen to songs on Spotify ...,https://linktr.ee/alexfromtokyo,https://linktr.ee/alexfromtokyo,Japan,bio/links
yuzopiamusic@gmail.com,personal,artist soundcloud page,Yuzo Official: Instagram,https://linktr.ee/yuzo_music,https://www.soundcloud.com/yuzopia,unknown,
