artist,email,email_type,country,country_basis,other_emails
999ADJ,adjowa.kkari@gmail.com,personal,United States,bio/links,
alexfromtokyo,worldfamous.online@gmail.com,personal,Japan,bio/links,
Alston,alstonparesa@gmail.com,personal,United States,bio/links,
ARMANA KHAN,armanakhanbusiness@gmail.com,personal,United States,bio/links,bookings@discono.club (agency/management)
Ayesha,djayescold@gmail.com,personal,United States,bio/links,
BIKS Entertainment,officialdjbiks@gmail.com,personal,United States,weak bio hint,
blackclub,booking@amsbooking.fr,agency/management,United States,bio/links,max@amsbooking.fr (agency/management); mira@fort-agency.com (agency/management)
cashu,carolschutzer@gmail.com,personal,Brazil,bio/links,
constantinehlms,constantinehlms@gmail.com,personal,United States,weak bio hint,
DJ RaMeMes,djramemes@gmail.com,personal,Brazil,weak bio hint,
DJ Turker Yilmaz Wedding & Private Party DJ,djturker@djturker.com,personal,United States,bio/links,
djbabyberlin,djamberlynn@gmail.com,personal,United States,weak bio hint,
DJWicked,jpt.mgmt@gmail.com,management,United States,agent Marc Allman (US),
Harlem Electronics,martin@harlemelectronics.com,personal,United States,bio/links,
HiTech Detroit,hitechmanagementdetwah@gmail.com,management,United States,bio/links,ben@earth-agency.com (agency/management); josh@groundcontroltouring.com (agency/management)
kohra_,prakriti@interbeing.agency,agency/management,India,bio/links,
Marli,marlimusicau@gmail.com,personal,Australia,"agents/email: Australian (marlimusicau, Weaver Agency AU)",alasdair@arcade-talent.com (agency/management); jeremy@weaveragency.com.au (agency/management)
neurokill,babyratta@hotmail.com,personal,Mexico,bio/links,explity@outlook.com (personal); explitybooking@gmail.com (booking (own address))
orvillekline,orvillekline@mac.com,personal,United States,weak bio hint,
peroli,pinkperoli@gmail.com,personal,Brazil,weak bio hint,
Sara Bluma,inquiries@sarabluma.com,general contact (own domain),Algeria,weak bio hint,
VV PETE,contact@trackwork.work,agency/management,Australia,bio/links,
WhodafunkisGreg,info@neuentrtnmnt.com,agency/management,Canada,bio/links,
