email,profile_url,reason
booking@elmstreet42.com,https://linktr.ee/djsource,from search batch; not confirmed European
chris.king.music.ent@gmail.com,https://linktr.ee/chris.king.music,from search batch; not confirmed European
djparispaul@gmail.com,https://linktr.ee/djparispaul,from search batch; not confirmed European
djzbooking09@gmail.com,https://linktr.ee/djzbooking,from search batch; not confirmed European
gem.jad@gmail.com,https://linktr.ee/JADGEMAYEL,from search batch; not confirmed European
info@djlalito.net,https://linktr.ee/djlalito,from search batch; not confirmed European
info@djspmusic.com,https://linktr.ee/djspmusic,from search batch; not confirmed European
info@prime-culture.com,https://linktr.ee/reelow,from search batch; not confirmed European
itsdjmir@gmail.com,https://linktr.ee/ItsDjMir,from search batch; not confirmed European
mikel@b4bookings.com,https://linktr.ee/reelow,from search batch; not confirmed European
olliemundy@hotmail.com,https://linktr.ee/olliemundy,from search batch; not confirmed European
plasterofparisau@gmail.com,https://linktr.ee/plasterofparis,from search batch; not confirmed European
simonlandry3@gmail.com,https://linktr.ee/rys.simon,from search batch; not confirmed European
theonedjdoublek@yahoo.com,https://linktr.ee/Itsdjdoublek,from search batch; not confirmed European
therealdjlc@gmail.com,https://linktr.ee/therealdjlc,from search batch; not confirmed European
