Col0,Col0_HREF,Col1,Col1_HREF,Col2,Col2_HREF,Col3,Col4,Col5_HREF,Col6_SRC
thebrettberlin Official: Facebook | Linktree,https://linktr.ee/thebrettberlin,linktr.ee/thebrettberlin,https://linktr.ee/thebrettberlin,"thebrettberlin Official: Facebook | Linktree ... DJ, Berlin",https://linktr.ee/thebrettberlin,Linktree,DJ,https://linktr.ee/thebrettberlin,https://external-content.duckduckgo.com/ip3/linktr.ee.ico
"glia.dj Official: TikTok, Instagram, Facebook | Linktree",https://linktr.ee/glia.dj,linktr.ee/glia.dj,https://linktr.ee/glia.dj,View glia.dj's Linktree to discover and stream music from top platforms like Soundcloud here. Your next favorite track is just a click away!,https://linktr.ee/glia.dj,dj's,Linktree,https://linktr.ee/glia.dj,https://external-content.duckduckgo.com/ip3/linktr.ee.ico
"NELJA Official: TikTok, Instagram | Linktree",https://linktr.ee/nelja.music,linktr.ee/nelja.music,https://linktr.ee/nelja.music,View nelja.music's Linktree to discover and stream music from top platforms like Soundcloud here. Your next favorite track is just a click away!,https://linktr.ee/nelja.music,Linktree,,https://linktr.ee/nelja.music,https://external-content.duckduckgo.com/ip3/linktr.ee.ico
The Ghost Official: Instagram | Linktree,https://linktr.ee/ghostberlin,linktr.ee/ghostberlin,https://linktr.ee/ghostberlin,bookings- jodie@mdcberlin.com,https://linktr.ee/ghostberlin,bookings,,https://linktr.ee/ghostberlin,https://external-content.duckduckgo.com/ip3/linktr.ee.ico
"""""DJ Baby Berlin: Party Witch, Twitch Partner, Wedding DJ ... - Linktree",https://linktr.ee/djbabyberlin,linktr.ee/djbabyberlin,https://linktr.ee/djbabyberlin,"Immerse in DJ Baby Berlin's world where alternative club beats meet captivating Twitch streams and unforgettable wedding DJ services. Stay in the loop with promotions and upcoming events. Click now, because we know you just can't get enough!",https://linktr.ee/djbabyberlin,DJ,Berlin's,https://linktr.ee/djbabyberlin,https://external-content.duckduckgo.com/ip3/linktr.ee.ico
"Dust Booking Official: Instagram, Facebook | Linktree",https://linktr.ee/dustbooking,linktr.ee/dustbooking,https://linktr.ee/dustbooking,"Booking agency, live services. Never standing still. www.dust-booking.com",https://linktr.ee/dustbooking,Booking,booking,https://linktr.ee/dustbooking,https://external-content.duckduckgo.com/ip3/linktr.ee.ico
"Tresor Berlin Official: TikTok, Instagram, X, Facebook | Linktree",https://linktr.ee/tresorberlin,linktr.ee/tresorberlin,https://linktr.ee/tresorberlin,"View tresorberlin's Linktree to discover and stream music from top platforms like Spotify, Apple Music, Bandcamp here. Your next favorite track is just a click away!",https://linktr.ee/tresorberlin,Linktree,,https://linktr.ee/tresorberlin,https://external-content.duckduckgo.com/ip3/linktr.ee.ico
"Anfragen: mail@djicerolls.de Official: TikTok, Instagram | Linktree",https://linktr.ee/djicerolls,linktr.ee/djicerolls,https://linktr.ee/djicerolls,Du hast Lust DJ Ice Rolls auch auf Deinem Event live zu erleben? Dann stelle noch schnell Deine Buchungsanfrage für 2026: www.djicerolls.de,https://linktr.ee/djicerolls,DJ,,https://linktr.ee/djicerolls,https://external-content.duckduckgo.com/ip3/linktr.ee.ico
"cinthie_dj Official: Instagram, Facebook, Twitter | Linktree",https://linktr.ee/cinthie_dj,linktr.ee/cinthie_dj,https://linktr.ee/cinthie_dj,"View cinthie_dj's Linktree to discover and stream music from top platforms like Spotify, Bandcamp, Soundcloud here. Your next favorite track is just a click away!",https://linktr.ee/cinthie_dj,Linktree,,https://linktr.ee/cinthie_dj,https://external-content.duckduckgo.com/ip3/linktr.ee.ico
"ALYSSA & GIA Official: TikTok, Instagram | Linktree",https://linktr.ee/alyssa_gia_music,linktr.ee/alyssa_gia_music,https://linktr.ee/alyssa_gia_music,"View alyssa_gia_music's Linktree to discover and stream music from top platforms like Spotify, Soundcloud here. Your next favorite track is just a click away!",https://linktr.ee/alyssa_gia_music,Linktree,,https://linktr.ee/alyssa_gia_music,https://external-content.duckduckgo.com/ip3/linktr.ee.ico
Goth Barge - Linktree,https://linktr.ee/gothbarge,linktr.ee/gothbarge,https://linktr.ee/gothbarge,A darkwave DJ collective best known for their boat dance parties. 0 followers Make A Song Request Join Our Email List Add Our Event Calendar Booking Inquiry Form,https://linktr.ee/gothbarge,DJ,Email,https://linktr.ee/gothbarge,https://external-content.duckduckgo.com/ip3/linktr.ee.ico
Pakistanikira OnlyFans Official - Exclusive Content & Account | Linktree,https://linktr.ee/Pakistanikira,linktr.ee/Pakistanikira,https://linktr.ee/Pakistanikira,See Pakistanikira on OnlyFans. Access exclusive photos and videos. Visit the official page now.,https://linktr.ee/Pakistanikira,,,https://linktr.ee/Pakistanikira,https://external-content.duckduckgo.com/ip3/linktr.ee.ico
"Radio Berlin Official: Instagram, Facebook | Linktree",https://linktr.ee/radioberlintlv,linktr.ee/radioberlintlv,https://linktr.ee/radioberlintlv,"Radio Berlin has been a member of Linktree for 2 years and joined in November 2023. The social media accounts linked to from Radio Berlin are: • Facebook • Instagram • SoundCloud • Email Besides social media accounts, radioberlintlv has populated their site with: • Purim Rave February 27th • Andy Charles - Feel The Bounce by Radio Berlin • Infected Festival - toMix // Show case ...",https://linktr.ee/radioberlintlv,Berlin,Linktree,https://linktr.ee/radioberlintlv,https://external-content.duckduckgo.com/ip3/linktr.ee.ico
"austin.sounds Official: TikTok, Instagram | Linktree",https://linktr.ee/austin.sounds,linktr.ee/austin.sounds,https://linktr.ee/austin.sounds,"austin.sounds has been a member of Linktree for 4 years and joined in September 2022. The social media accounts linked to from austin.sounds are: • Instagram • TikTok • YouTube • SoundCloud • Email Besides social media accounts, austin.sounds has populated their site with: • BOOKING REQUESTS • LIVE @BORCHARDT BERLIN • AUSTINS SELECTION EP01 • EVENT: APÉRO BY AUSTIN",https://linktr.ee/austin.sounds,Linktree,Email,https://linktr.ee/austin.sounds,https://external-content.duckduckgo.com/ip3/linktr.ee.ico
ZELECTER | Hardstyle DJ | Linktree,https://linktr.ee/zelecter,linktr.ee/zelecter,https://linktr.ee/zelecter,"Event Agenda, Merchandise, Livesets & Bookings - All you need to know in one Linktree.",https://linktr.ee/zelecter,Bookings,Linktree,https://linktr.ee/zelecter,https://external-content.duckduckgo.com/ip3/linktr.ee.ico
"optijuegos Official: TikTok, Instagram | Linktree",https://linktr.ee/optijuegos,linktr.ee/optijuegos,https://linktr.ee/optijuegos,How YouTube creators can build stronger audience relationships How to promote a podcast: 10 practical tips Linktree launches new and improved YouTube features to help creators build more direct connections with their audiences How to make a QR code for your Linktree Here's how to schedule Instagram posts and save time Linktree Teams Up With Olivia Rodrigo's Daisy Chain Fields to Turn ...,https://linktr.ee/optijuegos,Linktree,Linktree,https://linktr.ee/optijuegos,https://external-content.duckduckgo.com/ip3/linktr.ee.ico
@mariasatelles Official: Instagram | Linktree,https://linktr.ee/djmaria.japan,linktr.ee/djmaria.japan,https://linktr.ee/djmaria.japan,"View djmaria.japan's Linktree to discover and stream music from top platforms like Bandcamp, Beatport, Soundcloud here. Your next favorite track is just a click away!",https://linktr.ee/djmaria.japan,Linktree,,https://linktr.ee/djmaria.japan,https://external-content.duckduckgo.com/ip3/linktr.ee.ico
rupaulofficial Official: TikTok | Linktree,https://linktr.ee/rupaulofficial,linktr.ee/rupaulofficial,https://linktr.ee/rupaulofficial,View rupaulofficial's Linktree to discover and stream music from top platforms like Spotify here. Your next favorite track is just a click away!,https://linktr.ee/rupaulofficial,Linktree,,https://linktr.ee/rupaulofficial,https://external-content.duckduckgo.com/ip3/linktr.ee.ico
"ONYX Official: TikTok, Instagram | Linktree",https://linktr.ee/onyx.berlin,linktr.ee/onyx.berlin,https://linktr.ee/onyx.berlin,View onyx.berlin's Linktree to discover and stream music from top platforms like Soundcloud here. Your next favorite track is just a click away!,https://linktr.ee/onyx.berlin,berlin's,Linktree,https://linktr.ee/onyx.berlin,https://external-content.duckduckgo.com/ip3/linktr.ee.ico
"HadesDj | Instagram, Facebook | Linktree",https://linktr.ee/HadesDj,linktr.ee/HadesDj,https://linktr.ee/HadesDj,"Stream Hades music | Listen to songs, albums, playlists for free on SoundCloud",https://linktr.ee/HadesDj,,,https://linktr.ee/HadesDj,https://external-content.duckduckgo.com/ip3/linktr.ee.ico
aloooytvjoootv Official: Instagram | Linktree,https://linktr.ee/aloooytvjoootv,linktr.ee/aloooytvjoootv,https://linktr.ee/aloooytvjoootv,"Joootv, aloootv offers many arabic shows to steam. جرس انذار, بنات الروابي, امر",https://linktr.ee/aloooytvjoootv,,,https://linktr.ee/aloooytvjoootv,https://external-content.duckduckgo.com/ip3/linktr.ee.ico
berlin_club | Linktree,https://linktr.ee/berlin_club,linktr.ee/berlin_club,https://linktr.ee/berlin_club,@berlin_club Todos os lados da noite. Shows | Baladas | Eventos SHOW NACIONAL MC PH BERLIN 10 ANOS Pt 1 - JAPA NK MEIO MÉDICO VETERINÁRIO - MC KEKEL Comunidade Berlin Autorização para menores (autenticar em cartório),https://linktr.ee/berlin_club,BERLIN,Berlin,https://linktr.ee/berlin_club,https://external-content.duckduckgo.com/ip3/linktr.ee.ico
"djgigola Official: TikTok, Instagram | Linktree",https://linktr.ee/djgigola,linktr.ee/djgigola,https://linktr.ee/djgigola,View djgigola's Linktree to discover and stream music from top platforms like Soundcloud here. Your next favorite track is just a click away!,https://linktr.ee/djgigola,Linktree,,https://linktr.ee/djgigola,https://external-content.duckduckgo.com/ip3/linktr.ee.ico
thebrettberlin Official: Facebook | Linktree,https://linktr.ee/thebrettberlin,linktr.ee/thebrettberlin,https://linktr.ee/thebrettberlin,"thebrettberlin Official: Facebook | Linktree ... DJ, Berlin",https://linktr.ee/thebrettberlin,Linktree,DJ,https://linktr.ee/thebrettberlin,https://external-content.duckduckgo.com/ip3/linktr.ee.ico
"glia.dj Official: TikTok, Instagram, Facebook | Linktree",https://linktr.ee/glia.dj,linktr.ee/glia.dj,https://linktr.ee/glia.dj,View glia.dj's Linktree to discover and stream music from top platforms like Soundcloud here. Your next favorite track is just a click away!,https://linktr.ee/glia.dj,dj's,Linktree,https://linktr.ee/glia.dj,https://external-content.duckduckgo.com/ip3/linktr.ee.ico
"NELJA Official: TikTok, Instagram | Linktree",https://linktr.ee/nelja.music,linktr.ee/nelja.music,https://linktr.ee/nelja.music,View nelja.music's Linktree to discover and stream music from top platforms like Soundcloud here. Your next favorite track is just a click away!,https://linktr.ee/nelja.music,Linktree,,https://linktr.ee/nelja.music,https://external-content.duckduckgo.com/ip3/linktr.ee.ico
The Ghost Official: Instagram | Linktree,https://linktr.ee/ghostberlin,linktr.ee/ghostberlin,https://linktr.ee/ghostberlin,bookings- jodie@mdcberlin.com,https://linktr.ee/ghostberlin,bookings,,https://linktr.ee/ghostberlin,https://external-content.duckduckgo.com/ip3/linktr.ee.ico
"""""DJ Baby Berlin: Party Witch, Twitch Partner, Wedding DJ ... - Linktree",https://linktr.ee/djbabyberlin,linktr.ee/djbabyberlin,https://linktr.ee/djbabyberlin,"Immerse in DJ Baby Berlin's world where alternative club beats meet captivating Twitch streams and unforgettable wedding DJ services. Stay in the loop with promotions and upcoming events. Click now, because we know you just can't get enough!",https://linktr.ee/djbabyberlin,DJ,Berlin's,https://linktr.ee/djbabyberlin,https://external-content.duckduckgo.com/ip3/linktr.ee.ico
"Tresor Berlin Official: TikTok, Instagram, X, Facebook | Linktree",https://linktr.ee/tresorberlin,linktr.ee/tresorberlin,https://linktr.ee/tresorberlin,"View tresorberlin's Linktree to discover and stream music from top platforms like Spotify, Apple Music, Bandcamp here. Your next favorite track is just a click away!",https://linktr.ee/tresorberlin,Linktree,,https://linktr.ee/tresorberlin,https://external-content.duckduckgo.com/ip3/linktr.ee.ico
"Dust Booking Official: Instagram, Facebook | Linktree",https://linktr.ee/dustbooking,linktr.ee/dustbooking,https://linktr.ee/dustbooking,"Booking agency, live services. Never standing still. www.dust-booking.com",https://linktr.ee/dustbooking,Booking,booking,https://linktr.ee/dustbooking,https://external-content.duckduckgo.com/ip3/linktr.ee.ico
"Anfragen: mail@djicerolls.de Official: TikTok, Instagram | Linktree",https://linktr.ee/djicerolls,linktr.ee/djicerolls,https://linktr.ee/djicerolls,Du hast Lust DJ Ice Rolls auch auf Deinem Event live zu erleben? Dann stelle noch schnell Deine Buchungsanfrage für 2026: www.djicerolls.de,https://linktr.ee/djicerolls,DJ,,https://linktr.ee/djicerolls,https://external-content.duckduckgo.com/ip3/linktr.ee.ico
"cinthie_dj Official: Instagram, Facebook, Twitter | Linktree",https://linktr.ee/cinthie_dj,linktr.ee/cinthie_dj,https://linktr.ee/cinthie_dj,"View cinthie_dj's Linktree to discover and stream music from top platforms like Spotify, Bandcamp, Soundcloud here. Your next favorite track is just a click away!",https://linktr.ee/cinthie_dj,Linktree,,https://linktr.ee/cinthie_dj,https://external-content.duckduckgo.com/ip3/linktr.ee.ico
"ALYSSA & GIA Official: TikTok, Instagram | Linktree",https://linktr.ee/alyssa_gia_music,linktr.ee/alyssa_gia_music,https://linktr.ee/alyssa_gia_music,"View alyssa_gia_music's Linktree to discover and stream music from top platforms like Spotify, Soundcloud here. Your next favorite track is just a click away!",https://linktr.ee/alyssa_gia_music,Linktree,,https://linktr.ee/alyssa_gia_music,https://external-content.duckduckgo.com/ip3/linktr.ee.ico
Goth Barge - Linktree,https://linktr.ee/gothbarge,linktr.ee/gothbarge,https://linktr.ee/gothbarge,A darkwave DJ collective best known for their boat dance parties. 0 followers Make A Song Request Join Our Email List Add Our Event Calendar Booking Inquiry Form,https://linktr.ee/gothbarge,DJ,Email,https://linktr.ee/gothbarge,https://external-content.duckduckgo.com/ip3/linktr.ee.ico
Pakistanikira OnlyFans Official - Exclusive Content & Account | Linktree,https://linktr.ee/Pakistanikira,linktr.ee/Pakistanikira,https://linktr.ee/Pakistanikira,See Pakistanikira on OnlyFans. Access exclusive photos and videos. Visit the official page now.,https://linktr.ee/Pakistanikira,,,https://linktr.ee/Pakistanikira,https://external-content.duckduckgo.com/ip3/linktr.ee.ico
"Radio Berlin Official: Instagram, Facebook | Linktree",https://linktr.ee/radioberlintlv,linktr.ee/radioberlintlv,https://linktr.ee/radioberlintlv,"Radio Berlin has been a member of Linktree for 2 years and joined in November 2023. The social media accounts linked to from Radio Berlin are: • Facebook • Instagram • SoundCloud • Email Besides social media accounts, radioberlintlv has populated their site with: • Purim Rave February 27th • Andy Charles - Feel The Bounce by Radio Berlin • Infected Festival - toMix // Show case ...",https://linktr.ee/radioberlintlv,Berlin,Linktree,https://linktr.ee/radioberlintlv,https://external-content.duckduckgo.com/ip3/linktr.ee.ico
"austin.sounds Official: TikTok, Instagram | Linktree",https://linktr.ee/austin.sounds,linktr.ee/austin.sounds,https://linktr.ee/austin.sounds,"austin.sounds has been a member of Linktree for 4 years and joined in September 2022. The social media accounts linked to from austin.sounds are: • Instagram • TikTok • YouTube • SoundCloud • Email Besides social media accounts, austin.sounds has populated their site with: • BOOKING REQUESTS • LIVE @BORCHARDT BERLIN • AUSTINS SELECTION EP01 • EVENT: APÉRO BY AUSTIN",https://linktr.ee/austin.sounds,Linktree,Email,https://linktr.ee/austin.sounds,https://external-content.duckduckgo.com/ip3/linktr.ee.ico
ZELECTER | Hardstyle DJ | Linktree,https://linktr.ee/zelecter,linktr.ee/zelecter,https://linktr.ee/zelecter,"Event Agenda, Merchandise, Livesets & Bookings - All you need to know in one Linktree.",https://linktr.ee/zelecter,Bookings,Linktree,https://linktr.ee/zelecter,https://external-content.duckduckgo.com/ip3/linktr.ee.ico
"optijuegos Official: TikTok, Instagram | Linktree",https://linktr.ee/optijuegos,linktr.ee/optijuegos,https://linktr.ee/optijuegos,How YouTube creators can build stronger audience relationships How to promote a podcast: 10 practical tips Linktree launches new and improved YouTube features to help creators build more direct connections with their audiences How to make a QR code for your Linktree Here's how to schedule Instagram posts and save time Linktree Teams Up With Olivia Rodrigo's Daisy Chain Fields to Turn ...,https://linktr.ee/optijuegos,Linktree,Linktree,https://linktr.ee/optijuegos,https://external-content.duckduckgo.com/ip3/linktr.ee.ico
@mariasatelles Official: Instagram | Linktree,https://linktr.ee/djmaria.japan,linktr.ee/djmaria.japan,https://linktr.ee/djmaria.japan,"View djmaria.japan's Linktree to discover and stream music from top platforms like Bandcamp, Beatport, Soundcloud here. Your next favorite track is just a click away!",https://linktr.ee/djmaria.japan,Linktree,,https://linktr.ee/djmaria.japan,https://external-content.duckduckgo.com/ip3/linktr.ee.ico
rupaulofficial Official: TikTok | Linktree,https://linktr.ee/rupaulofficial,linktr.ee/rupaulofficial,https://linktr.ee/rupaulofficial,View rupaulofficial's Linktree to discover and stream music from top platforms like Spotify here. Your next favorite track is just a click away!,https://linktr.ee/rupaulofficial,Linktree,,https://linktr.ee/rupaulofficial,https://external-content.duckduckgo.com/ip3/linktr.ee.ico
"ONYX Official: TikTok, Instagram | Linktree",https://linktr.ee/onyx.berlin,linktr.ee/onyx.berlin,https://linktr.ee/onyx.berlin,View onyx.berlin's Linktree to discover and stream music from top platforms like Soundcloud here. Your next favorite track is just a click away!,https://linktr.ee/onyx.berlin,berlin's,Linktree,https://linktr.ee/onyx.berlin,https://external-content.duckduckgo.com/ip3/linktr.ee.ico
"HadesDj | Instagram, Facebook | Linktree",https://linktr.ee/HadesDj,linktr.ee/HadesDj,https://linktr.ee/HadesDj,"Stream Hades music | Listen to songs, albums, playlists for free on SoundCloud",https://linktr.ee/HadesDj,,,https://linktr.ee/HadesDj,https://external-content.duckduckgo.com/ip3/linktr.ee.ico
aloooytvjoootv Official: Instagram | Linktree,https://linktr.ee/aloooytvjoootv,linktr.ee/aloooytvjoootv,https://linktr.ee/aloooytvjoootv,"Joootv, aloootv offers many arabic shows to steam. جرس انذار, بنات الروابي, امر",https://linktr.ee/aloooytvjoootv,,,https://linktr.ee/aloooytvjoootv,https://external-content.duckduckgo.com/ip3/linktr.ee.ico
九色视频 | 91九色蝌蚪论坛 | 九色最新地址在线 | Linktree,https://linktr.ee/jiuse1,linktr.ee/jiuse1,https://linktr.ee/jiuse1,在九色视频，您可以找到丰富多彩的内容，涵盖91九色蝌蚪论坛的最新动态。我们提供九色最新地址在线，方便您随时访问最新资源。无论是视频分享还是论坛交流，九色视频都是您理想的选择，精彩内容不容错过!,https://linktr.ee/jiuse1,,,https://linktr.ee/jiuse1,https://external-content.duckduckgo.com/ip3/linktr.ee.ico
berlin_club | Linktree,https://linktr.ee/berlin_club,linktr.ee/berlin_club,https://linktr.ee/berlin_club,@berlin_club Todos os lados da noite. Shows | Baladas | Eventos SHOW NACIONAL MC PH BERLIN 10 ANOS Pt 1 - JAPA NK MEIO MÉDICO VETERINÁRIO - MC KEKEL Comunidade Berlin Autorização para menores (autenticar em cartório),https://linktr.ee/berlin_club,BERLIN,Berlin,https://linktr.ee/berlin_club,https://external-content.duckduckgo.com/ip3/linktr.ee.ico
糖心vlog网页版 | 糖心视频tv | 糖心传媒volg肉 - Linktree,https://linktr.ee/tangxin1,linktr.ee/tangxin1,https://linktr.ee/tangxin1,糖心vlog网页版，无需下载，在线观看!网罗糖心视频tv的精彩内容，更有糖心传媒volg肉视频等你来探索。高清流畅，精彩不间断，满足你的视听需求!,https://linktr.ee/tangxin1,,,https://linktr.ee/tangxin1,https://external-content.duckduckgo.com/ip3/linktr.ee.ico
"djgigola Official: TikTok, Instagram | Linktree",https://linktr.ee/djgigola,linktr.ee/djgigola,https://linktr.ee/djgigola,View djgigola's Linktree to discover and stream music from top platforms like Soundcloud here. Your next favorite track is just a click away!,https://linktr.ee/djgigola,Linktree,,https://linktr.ee/djgigola,https://external-content.duckduckgo.com/ip3/linktr.ee.ico
thebrettberlin Official: Facebook | Linktree,https://linktr.ee/thebrettberlin,linktr.ee/thebrettberlin,https://linktr.ee/thebrettberlin,"thebrettberlin Official: Facebook | Linktree ... DJ, Berlin",https://linktr.ee/thebrettberlin,Linktree,DJ,https://linktr.ee/thebrettberlin,https://external-content.duckduckgo.com/ip3/linktr.ee.ico
"NELJA Official: TikTok, Instagram | Linktree",https://linktr.ee/nelja.music,linktr.ee/nelja.music,https://linktr.ee/nelja.music,View nelja.music's Linktree to discover and stream music from top platforms like Soundcloud here. Your next favorite track is just a click away!,https://linktr.ee/nelja.music,Linktree,,https://linktr.ee/nelja.music,https://external-content.duckduckgo.com/ip3/linktr.ee.ico
"glia.dj Official: TikTok, Instagram, Facebook | Linktree",https://linktr.ee/glia.dj,linktr.ee/glia.dj,https://linktr.ee/glia.dj,View glia.dj's Linktree to discover and stream music from top platforms like Soundcloud here. Your next favorite track is just a click away!,https://linktr.ee/glia.dj,dj's,Linktree,https://linktr.ee/glia.dj,https://external-content.duckduckgo.com/ip3/linktr.ee.ico
The Ghost Official: Instagram | Linktree,https://linktr.ee/ghostberlin,linktr.ee/ghostberlin,https://linktr.ee/ghostberlin,bookings- jodie@mdcberlin.com,https://linktr.ee/ghostberlin,bookings,,https://linktr.ee/ghostberlin,https://external-content.duckduckgo.com/ip3/linktr.ee.ico
"""""DJ Baby Berlin: Party Witch, Twitch Partner, Wedding DJ ... - Linktree",https://linktr.ee/djbabyberlin,linktr.ee/djbabyberlin,https://linktr.ee/djbabyberlin,"Immerse in DJ Baby Berlin's world where alternative club beats meet captivating Twitch streams and unforgettable wedding DJ services. Stay in the loop with promotions and upcoming events. Click now, because we know you just can't get enough!",https://linktr.ee/djbabyberlin,DJ,Berlin's,https://linktr.ee/djbabyberlin,https://external-content.duckduckgo.com/ip3/linktr.ee.ico
"Anfragen: mail@djicerolls.de Official: TikTok, Instagram | Linktree",https://linktr.ee/djicerolls,linktr.ee/djicerolls,https://linktr.ee/djicerolls,Du hast Lust DJ Ice Rolls auch auf Deinem Event live zu erleben? Dann stelle noch schnell Deine Buchungsanfrage für 2026: www.djicerolls.de,https://linktr.ee/djicerolls,DJ,,https://linktr.ee/djicerolls,https://external-content.duckduckgo.com/ip3/linktr.ee.ico
"Dust Booking Official: Instagram, Facebook | Linktree",https://linktr.ee/dustbooking,linktr.ee/dustbooking,https://linktr.ee/dustbooking,"Booking agency, live services. Never standing still. www.dust-booking.com",https://linktr.ee/dustbooking,Booking,booking,https://linktr.ee/dustbooking,https://external-content.duckduckgo.com/ip3/linktr.ee.ico
"Radio Berlin Official: Instagram, Facebook | Linktree",https://linktr.ee/radioberlintlv,linktr.ee/radioberlintlv,https://linktr.ee/radioberlintlv,"View radioberlintlv's Linktree to discover and stream music from top platforms like Spotify, Soundcloud here. Your next favorite track is just a click away!",https://linktr.ee/radioberlintlv,Linktree,,https://linktr.ee/radioberlintlv,https://external-content.duckduckgo.com/ip3/linktr.ee.ico
ZELECTER | Hardstyle DJ | Linktree,https://linktr.ee/zelecter,linktr.ee/zelecter,https://linktr.ee/zelecter,"Event Agenda, Merchandise, Livesets & Bookings - All you need to know in one Linktree.",https://linktr.ee/zelecter,Bookings,Linktree,https://linktr.ee/zelecter,https://external-content.duckduckgo.com/ip3/linktr.ee.ico
"HadesDj | Instagram, Facebook | Linktree",https://linktr.ee/HadesDj,linktr.ee/HadesDj,https://linktr.ee/HadesDj,"Stream Hades music | Listen to songs, albums, playlists for free on SoundCloud",https://linktr.ee/HadesDj,,,https://linktr.ee/HadesDj,https://external-content.duckduckgo.com/ip3/linktr.ee.ico
Goth Barge - Linktree,https://linktr.ee/gothbarge,linktr.ee/gothbarge,https://linktr.ee/gothbarge,A darkwave DJ collective best known for their boat dance parties. 0 followers Make A Song Request Join Our Email List Add Our Event Calendar Booking Inquiry Form,https://linktr.ee/gothbarge,DJ,Email,https://linktr.ee/gothbarge,https://external-content.duckduckgo.com/ip3/linktr.ee.ico
Pakistanikira OnlyFans Official - Exclusive Content & Account | Linktree,https://linktr.ee/Pakistanikira,linktr.ee/Pakistanikira,https://linktr.ee/Pakistanikira,See Pakistanikira on OnlyFans. Access exclusive photos and videos. Visit the official page now.,https://linktr.ee/Pakistanikira,,,https://linktr.ee/Pakistanikira,https://external-content.duckduckgo.com/ip3/linktr.ee.ico
"Radio Berlin Official: Instagram, Facebook | Linktree",https://linktr.ee/radioberlintlv,linktr.ee/radioberlintlv,https://linktr.ee/radioberlintlv,"Radio Berlin has been a member of Linktree for 2 years and joined in November 2023. The social media accounts linked to from Radio Berlin are: • Facebook • Instagram • SoundCloud • Email Besides social media accounts, radioberlintlv has populated their site with: • Purim Rave February 27th • Andy Charles - Feel The Bounce by Radio Berlin • Infected Festival - toMix // Show case ...",https://linktr.ee/radioberlintlv,Berlin,Linktree,https://linktr.ee/radioberlintlv,https://external-content.duckduckgo.com/ip3/linktr.ee.ico
"austin.sounds Official: TikTok, Instagram | Linktree",https://linktr.ee/austin.sounds,linktr.ee/austin.sounds,https://linktr.ee/austin.sounds,"austin.sounds has been a member of Linktree for 4 years and joined in September 2022. The social media accounts linked to from austin.sounds are: • Instagram • TikTok • YouTube • SoundCloud • Email Besides social media accounts, austin.sounds has populated their site with: • BOOKING REQUESTS • LIVE @BORCHARDT BERLIN • AUSTINS SELECTION EP01 • EVENT: APÉRO BY AUSTIN",https://linktr.ee/austin.sounds,Linktree,Email,https://linktr.ee/austin.sounds,https://external-content.duckduckgo.com/ip3/linktr.ee.ico
ZELECTER | Hardstyle DJ | Linktree,https://linktr.ee/zelecter,linktr.ee/zelecter,https://linktr.ee/zelecter,"Event Agenda, Merchandise, Livesets & Bookings - All you need to know in one Linktree.",https://linktr.ee/zelecter,Bookings,Linktree,https://linktr.ee/zelecter,https://external-content.duckduckgo.com/ip3/linktr.ee.ico
"optijuegos Official: TikTok, Instagram | Linktree",https://linktr.ee/optijuegos,linktr.ee/optijuegos,https://linktr.ee/optijuegos,How YouTube creators can build stronger audience relationships How to promote a podcast: 10 practical tips Linktree launches new and improved YouTube features to help creators build more direct connections with their audiences How to make a QR code for your Linktree Here's how to schedule Instagram posts and save time Linktree Teams Up With Olivia Rodrigo's Daisy Chain Fields to Turn ...,https://linktr.ee/optijuegos,Linktree,Linktree,https://linktr.ee/optijuegos,https://external-content.duckduckgo.com/ip3/linktr.ee.ico
@mariasatelles Official: Instagram | Linktree,https://linktr.ee/djmaria.japan,linktr.ee/djmaria.japan,https://linktr.ee/djmaria.japan,"View djmaria.japan's Linktree to discover and stream music from top platforms like Bandcamp, Beatport, Soundcloud here. Your next favorite track is just a click away!",https://linktr.ee/djmaria.japan,Linktree,,https://linktr.ee/djmaria.japan,https://external-content.duckduckgo.com/ip3/linktr.ee.ico
rupaulofficial Official: TikTok | Linktree,https://linktr.ee/rupaulofficial,linktr.ee/rupaulofficial,https://linktr.ee/rupaulofficial,View rupaulofficial's Linktree to discover and stream music from top platforms like Spotify here. Your next favorite track is just a click away!,https://linktr.ee/rupaulofficial,Linktree,,https://linktr.ee/rupaulofficial,https://external-content.duckduckgo.com/ip3/linktr.ee.ico
"ONYX Official: TikTok, Instagram | Linktree",https://linktr.ee/onyx.berlin,linktr.ee/onyx.berlin,https://linktr.ee/onyx.berlin,View onyx.berlin's Linktree to discover and stream music from top platforms like Soundcloud here. Your next favorite track is just a click away!,https://linktr.ee/onyx.berlin,berlin's,Linktree,https://linktr.ee/onyx.berlin,https://external-content.duckduckgo.com/ip3/linktr.ee.ico
"HadesDj | Instagram, Facebook | Linktree",https://linktr.ee/HadesDj,linktr.ee/HadesDj,https://linktr.ee/HadesDj,"Stream Hades music | Listen to songs, albums, playlists for free on SoundCloud",https://linktr.ee/HadesDj,,,https://linktr.ee/HadesDj,https://external-content.duckduckgo.com/ip3/linktr.ee.ico
aloooytvjoootv Official: Instagram | Linktree,https://linktr.ee/aloooytvjoootv,linktr.ee/aloooytvjoootv,https://linktr.ee/aloooytvjoootv,"Joootv, aloootv offers many arabic shows to steam. جرس انذار, بنات الروابي, امر",https://linktr.ee/aloooytvjoootv,,,https://linktr.ee/aloooytvjoootv,https://external-content.duckduckgo.com/ip3/linktr.ee.ico
九色视频 | 91九色蝌蚪论坛 | 九色最新地址在线 | Linktree,https://linktr.ee/jiuse1,linktr.ee/jiuse1,https://linktr.ee/jiuse1,在九色视频，您可以找到丰富多彩的内容，涵盖91九色蝌蚪论坛的最新动态。我们提供九色最新地址在线，方便您随时访问最新资源。无论是视频分享还是论坛交流，九色视频都是您理想的选择，精彩内容不容错过!,https://linktr.ee/jiuse1,,,https://linktr.ee/jiuse1,https://external-content.duckduckgo.com/ip3/linktr.ee.ico
berlin_club | Linktree,https://linktr.ee/berlin_club,linktr.ee/berlin_club,https://linktr.ee/berlin_club,@berlin_club Todos os lados da noite. Shows | Baladas | Eventos SHOW NACIONAL MC PH BERLIN 10 ANOS Pt 1 - JAPA NK MEIO MÉDICO VETERINÁRIO - MC KEKEL Comunidade Berlin Autorização para menores (autenticar em cartório),https://linktr.ee/berlin_club,BERLIN,Berlin,https://linktr.ee/berlin_club,https://external-content.duckduckgo.com/ip3/linktr.ee.ico
糖心vlog网页版 | 糖心视频tv | 糖心传媒volg肉 - Linktree,https://linktr.ee/tangxin1,linktr.ee/tangxin1,https://linktr.ee/tangxin1,糖心vlog网页版，无需下载，在线观看!网罗糖心视频tv的精彩内容，更有糖心传媒volg肉视频等你来探索。高清流畅，精彩不间断，满足你的视听需求!,https://linktr.ee/tangxin1,,,https://linktr.ee/tangxin1,https://external-content.duckduckgo.com/ip3/linktr.ee.ico
"djgigola Official: TikTok, Instagram | Linktree",https://linktr.ee/djgigola,linktr.ee/djgigola,https://linktr.ee/djgigola,View djgigola's Linktree to discover and stream music from top platforms like Soundcloud here. Your next favorite track is just a click away!,https://linktr.ee/djgigola,Linktree,,https://linktr.ee/djgigola,https://external-content.duckduckgo.com/ip3/linktr.ee.ico
thebrettberlin Official: Facebook | Linktree,https://linktr.ee/thebrettberlin,linktr.ee/thebrettberlin,https://linktr.ee/thebrettberlin,"thebrettberlin Official: Facebook | Linktree ... DJ, Berlin",https://linktr.ee/thebrettberlin,Linktree,DJ,https://linktr.ee/thebrettberlin,https://external-content.duckduckgo.com/ip3/linktr.ee.ico
"glia.dj Official: TikTok, Instagram, Facebook | Linktree",https://linktr.ee/glia.dj,linktr.ee/glia.dj,https://linktr.ee/glia.dj,View glia.dj's Linktree to discover and stream music from top platforms like Soundcloud here. Your next favorite track is just a click away!,https://linktr.ee/glia.dj,dj's,Linktree,https://linktr.ee/glia.dj,https://external-content.duckduckgo.com/ip3/linktr.ee.ico
"NELJA Official: TikTok, Instagram | Linktree",https://linktr.ee/nelja.music,linktr.ee/nelja.music,https://linktr.ee/nelja.music,View nelja.music's Linktree to discover and stream music from top platforms like Soundcloud here. Your next favorite track is just a click away!,https://linktr.ee/nelja.music,Linktree,,https://linktr.ee/nelja.music,https://external-content.duckduckgo.com/ip3/linktr.ee.ico
The Ghost Official: Instagram | Linktree,https://linktr.ee/ghostberlin,linktr.ee/ghostberlin,https://linktr.ee/ghostberlin,bookings- jodie@mdcberlin.com,https://linktr.ee/ghostberlin,bookings,,https://linktr.ee/ghostberlin,https://external-content.duckduckgo.com/ip3/linktr.ee.ico
"""""DJ Baby Berlin: Party Witch, Twitch Partner, Wedding DJ ... - Linktree",https://linktr.ee/djbabyberlin,linktr.ee/djbabyberlin,https://linktr.ee/djbabyberlin,"Immerse in DJ Baby Berlin's world where alternative club beats meet captivating Twitch streams and unforgettable wedding DJ services. Stay in the loop with promotions and upcoming events. Click now, because we know you just can't get enough!",https://linktr.ee/djbabyberlin,DJ,Berlin's,https://linktr.ee/djbabyberlin,https://external-content.duckduckgo.com/ip3/linktr.ee.ico
"Tresor Berlin Official: TikTok, Instagram, X, Facebook | Linktree",https://linktr.ee/tresorberlin,linktr.ee/tresorberlin,https://linktr.ee/tresorberlin,"View tresorberlin's Linktree to discover and stream music from top platforms like Spotify, Apple Music, Bandcamp here. Your next favorite track is just a click away!",https://linktr.ee/tresorberlin,Linktree,,https://linktr.ee/tresorberlin,https://external-content.duckduckgo.com/ip3/linktr.ee.ico
"Dust Booking Official: Instagram, Facebook | Linktree",https://linktr.ee/dustbooking,linktr.ee/dustbooking,https://linktr.ee/dustbooking,"Booking agency, live services. Never standing still. www.dust-booking.com",https://linktr.ee/dustbooking,Booking,booking,https://linktr.ee/dustbooking,https://external-content.duckduckgo.com/ip3/linktr.ee.ico
"Anfragen: mail@djicerolls.de Official: TikTok, Instagram | Linktree",https://linktr.ee/djicerolls,linktr.ee/djicerolls,https://linktr.ee/djicerolls,Du hast Lust DJ Ice Rolls auch auf Deinem Event live zu erleben? Dann stelle noch schnell Deine Buchungsanfrage für 2026: www.djicerolls.de,https://linktr.ee/djicerolls,DJ,,https://linktr.ee/djicerolls,https://external-content.duckduckgo.com/ip3/linktr.ee.ico
"cinthie_dj Official: Instagram, Facebook, Twitter | Linktree",https://linktr.ee/cinthie_dj,linktr.ee/cinthie_dj,https://linktr.ee/cinthie_dj,"View cinthie_dj's Linktree to discover and stream music from top platforms like Spotify, Bandcamp, Soundcloud here. Your next favorite track is just a click away!",https://linktr.ee/cinthie_dj,Linktree,,https://linktr.ee/cinthie_dj,https://external-content.duckduckgo.com/ip3/linktr.ee.ico
"ALYSSA & GIA Official: TikTok, Instagram | Linktree",https://linktr.ee/alyssa_gia_music,linktr.ee/alyssa_gia_music,https://linktr.ee/alyssa_gia_music,"View alyssa_gia_music's Linktree to discover and stream music from top platforms like Spotify, Soundcloud here. Your next favorite track is just a click away!",https://linktr.ee/alyssa_gia_music,Linktree,,https://linktr.ee/alyssa_gia_music,https://external-content.duckduckgo.com/ip3/linktr.ee.ico
Goth Barge - Linktree,https://linktr.ee/gothbarge,linktr.ee/gothbarge,https://linktr.ee/gothbarge,A darkwave DJ collective best known for their boat dance parties. 0 followers Make A Song Request Join Our Email List Add Our Event Calendar Booking Inquiry Form,https://linktr.ee/gothbarge,DJ,Email,https://linktr.ee/gothbarge,https://external-content.duckduckgo.com/ip3/linktr.ee.ico
Pakistanikira OnlyFans Official - Exclusive Content & Account | Linktree,https://linktr.ee/Pakistanikira,linktr.ee/Pakistanikira,https://linktr.ee/Pakistanikira,See Pakistanikira on OnlyFans. Access exclusive photos and videos. Visit the official page now.,https://linktr.ee/Pakistanikira,,,https://linktr.ee/Pakistanikira,https://external-content.duckduckgo.com/ip3/linktr.ee.ico
"Radio Berlin Official: Instagram, Facebook | Linktree",https://linktr.ee/radioberlintlv,linktr.ee/radioberlintlv,https://linktr.ee/radioberlintlv,"Radio Berlin has been a member of Linktree for 2 years and joined in November 2023. The social media accounts linked to from Radio Berlin are: • Facebook • Instagram • SoundCloud • Email Besides social media accounts, radioberlintlv has populated their site with: • Purim Rave February 27th • Andy Charles - Feel The Bounce by Radio Berlin • Infected Festival - toMix // Show case ...",https://linktr.ee/radioberlintlv,Berlin,Linktree,https://linktr.ee/radioberlintlv,https://external-content.duckduckgo.com/ip3/linktr.ee.ico
"austin.sounds Official: TikTok, Instagram | Linktree",https://linktr.ee/austin.sounds,linktr.ee/austin.sounds,https://linktr.ee/austin.sounds,"austin.sounds has been a member of Linktree for 4 years and joined in September 2022. The social media accounts linked to from austin.sounds are: • Instagram • TikTok • YouTube • SoundCloud • Email Besides social media accounts, austin.sounds has populated their site with: • BOOKING REQUESTS • LIVE @BORCHARDT BERLIN • AUSTINS SELECTION EP01 • EVENT: APÉRO BY AUSTIN",https://linktr.ee/austin.sounds,Linktree,Email,https://linktr.ee/austin.sounds,https://external-content.duckduckgo.com/ip3/linktr.ee.ico
ZELECTER | Hardstyle DJ | Linktree,https://linktr.ee/zelecter,linktr.ee/zelecter,https://linktr.ee/zelecter,"Event Agenda, Merchandise, Livesets & Bookings - All you need to know in one Linktree.",https://linktr.ee/zelecter,Bookings,Linktree,https://linktr.ee/zelecter,https://external-content.duckduckgo.com/ip3/linktr.ee.ico
"optijuegos Official: TikTok, Instagram | Linktree",https://linktr.ee/optijuegos,linktr.ee/optijuegos,https://linktr.ee/optijuegos,How YouTube creators can build stronger audience relationships How to promote a podcast: 10 practical tips Linktree launches new and improved YouTube features to help creators build more direct connections with their audiences How to make a QR code for your Linktree Here's how to schedule Instagram posts and save time Linktree Teams Up With Olivia Rodrigo's Daisy Chain Fields to Turn ...,https://linktr.ee/optijuegos,Linktree,Linktree,https://linktr.ee/optijuegos,https://external-content.duckduckgo.com/ip3/linktr.ee.ico
@mariasatelles Official: Instagram | Linktree,https://linktr.ee/djmaria.japan,linktr.ee/djmaria.japan,https://linktr.ee/djmaria.japan,"View djmaria.japan's Linktree to discover and stream music from top platforms like Bandcamp, Beatport, Soundcloud here. Your next favorite track is just a click away!",https://linktr.ee/djmaria.japan,Linktree,,https://linktr.ee/djmaria.japan,https://external-content.duckduckgo.com/ip3/linktr.ee.ico
rupaulofficial Official: TikTok | Linktree,https://linktr.ee/rupaulofficial,linktr.ee/rupaulofficial,https://linktr.ee/rupaulofficial,View rupaulofficial's Linktree to discover and stream music from top platforms like Spotify here. Your next favorite track is just a click away!,https://linktr.ee/rupaulofficial,Linktree,,https://linktr.ee/rupaulofficial,https://external-content.duckduckgo.com/ip3/linktr.ee.ico
"ONYX Official: TikTok, Instagram | Linktree",https://linktr.ee/onyx.berlin,linktr.ee/onyx.berlin,https://linktr.ee/onyx.berlin,View onyx.berlin's Linktree to discover and stream music from top platforms like Soundcloud here. Your next favorite track is just a click away!,https://linktr.ee/onyx.berlin,berlin's,Linktree,https://linktr.ee/onyx.berlin,https://external-content.duckduckgo.com/ip3/linktr.ee.ico
"HadesDj | Instagram, Facebook | Linktree",https://linktr.ee/HadesDj,linktr.ee/HadesDj,https://linktr.ee/HadesDj,"Stream Hades music | Listen to songs, albums, playlists for free on SoundCloud",https://linktr.ee/HadesDj,,,https://linktr.ee/HadesDj,https://external-content.duckduckgo.com/ip3/linktr.ee.ico
aloooytvjoootv Official: Instagram | Linktree,https://linktr.ee/aloooytvjoootv,linktr.ee/aloooytvjoootv,https://linktr.ee/aloooytvjoootv,"Joootv, aloootv offers many arabic shows to steam. جرس انذار, بنات الروابي, امر",https://linktr.ee/aloooytvjoootv,,,https://linktr.ee/aloooytvjoootv,https://external-content.duckduckgo.com/ip3/linktr.ee.ico
九色视频 | 91九色蝌蚪论坛 | 九色最新地址在线 | Linktree,https://linktr.ee/jiuse1,linktr.ee/jiuse1,https://linktr.ee/jiuse1,在九色视频，您可以找到丰富多彩的内容，涵盖91九色蝌蚪论坛的最新动态。我们提供九色最新地址在线，方便您随时访问最新资源。无论是视频分享还是论坛交流，九色视频都是您理想的选择，精彩内容不容错过!,https://linktr.ee/jiuse1,,,https://linktr.ee/jiuse1,https://external-content.duckduckgo.com/ip3/linktr.ee.ico
berlin_club | Linktree,https://linktr.ee/berlin_club,linktr.ee/berlin_club,https://linktr.ee/berlin_club,@berlin_club Todos os lados da noite. Shows | Baladas | Eventos SHOW NACIONAL MC PH BERLIN 10 ANOS Pt 1 - JAPA NK MEIO MÉDICO VETERINÁRIO - MC KEKEL Comunidade Berlin Autorização para menores (autenticar em cartório),https://linktr.ee/berlin_club,BERLIN,Berlin,https://linktr.ee/berlin_club,https://external-content.duckduckgo.com/ip3/linktr.ee.ico
糖心vlog网页版 | 糖心视频tv | 糖心传媒volg肉 - Linktree,https://linktr.ee/tangxin1,linktr.ee/tangxin1,https://linktr.ee/tangxin1,糖心vlog网页版，无需下载，在线观看!网罗糖心视频tv的精彩内容，更有糖心传媒volg肉视频等你来探索。高清流畅，精彩不间断，满足你的视听需求!,https://linktr.ee/tangxin1,,,https://linktr.ee/tangxin1,https://external-content.duckduckgo.com/ip3/linktr.ee.ico
"djgigola Official: TikTok, Instagram | Linktree",https://linktr.ee/djgigola,linktr.ee/djgigola,https://linktr.ee/djgigola,View djgigola's Linktree to discover and stream music from top platforms like Soundcloud here. Your next favorite track is just a click away!,https://linktr.ee/djgigola,Linktree,,https://linktr.ee/djgigola,https://external-content.duckduckgo.com/ip3/linktr.ee.ico
thebrettberlin Official: Facebook | Linktree,https://linktr.ee/thebrettberlin,linktr.ee/thebrettberlin,https://linktr.ee/thebrettberlin,"thebrettberlin Official: Facebook | Linktree ... DJ, Berlin",https://linktr.ee/thebrettberlin,Linktree,DJ,https://linktr.ee/thebrettberlin,https://external-content.duckduckgo.com/ip3/linktr.ee.ico
donna.dj Official: Facebook | Linktree,https://linktr.ee/donna.dj,linktr.ee/donna.dj,https://linktr.ee/donna.dj,View donna.dj's Linktree to discover and stream music from top platforms like Soundcloud here. Your next favorite track is just a click away!,https://linktr.ee/donna.dj,dj's,Linktree,https://linktr.ee/donna.dj,https://external-content.duckduckgo.com/ip3/linktr.ee.ico
"A.N.I. Official: TikTok, Instagram | Linktree",https://linktr.ee/a.n.i.dj,linktr.ee/a.n.i.dj,https://linktr.ee/a.n.i.dj,"View a.n.i.dj's Linktree to discover and stream music from top platforms like Spotify, Soundcloud here. Your next favorite track is just a click away!",https://linktr.ee/a.n.i.dj,Linktree,,https://linktr.ee/a.n.i.dj,https://external-content.duckduckgo.com/ip3/linktr.ee.ico
"glia.dj Official: TikTok, Instagram, Facebook | Linktree",https://linktr.ee/glia.dj,linktr.ee/glia.dj,https://linktr.ee/glia.dj,View glia.dj's Linktree to discover and stream music from top platforms like Soundcloud here. Your next favorite track is just a click away!,https://linktr.ee/glia.dj,dj's,Linktree,https://linktr.ee/glia.dj,https://external-content.duckduckgo.com/ip3/linktr.ee.ico
The Ghost Official: Instagram | Linktree,https://linktr.ee/ghostberlin,linktr.ee/ghostberlin,https://linktr.ee/ghostberlin,bookings- jodie@mdcberlin.com,https://linktr.ee/ghostberlin,bookings,,https://linktr.ee/ghostberlin,https://external-content.duckduckgo.com/ip3/linktr.ee.ico
"""""DJ Baby Berlin: Party Witch, Twitch Partner, Wedding DJ ... - Linktree",https://linktr.ee/djbabyberlin,linktr.ee/djbabyberlin,https://linktr.ee/djbabyberlin,"Immerse in DJ Baby Berlin's world where alternative club beats meet captivating Twitch streams and unforgettable wedding DJ services. Stay in the loop with promotions and upcoming events. Click now, because we know you just can't get enough!",https://linktr.ee/djbabyberlin,DJ,Berlin's,https://linktr.ee/djbabyberlin,https://external-content.duckduckgo.com/ip3/linktr.ee.ico
"Dust Booking Official: Instagram, Facebook | Linktree",https://linktr.ee/dustbooking,linktr.ee/dustbooking,https://linktr.ee/dustbooking,"Booking agency, live services. Never standing still. www.dust-booking.com",https://linktr.ee/dustbooking,Booking,booking,https://linktr.ee/dustbooking,https://external-content.duckduckgo.com/ip3/linktr.ee.ico
"Tresor Berlin Official: TikTok, Instagram, X, Facebook | Linktree",https://linktr.ee/tresorberlin,linktr.ee/tresorberlin,https://linktr.ee/tresorberlin,"View tresorberlin's Linktree to discover and stream music from top platforms like Spotify, Apple Music, Bandcamp here. Your next favorite track is just a click away!",https://linktr.ee/tresorberlin,Linktree,,https://linktr.ee/tresorberlin,https://external-content.duckduckgo.com/ip3/linktr.ee.ico
"Anfragen: mail@djicerolls.de Official: TikTok, Instagram | Linktree",https://linktr.ee/djicerolls,linktr.ee/djicerolls,https://linktr.ee/djicerolls,Du hast Lust DJ Ice Rolls auch auf Deinem Event live zu erleben? Dann stelle noch schnell Deine Buchungsanfrage für 2026: www.djicerolls.de,https://linktr.ee/djicerolls,DJ,,https://linktr.ee/djicerolls,https://external-content.duckduckgo.com/ip3/linktr.ee.ico
"cinthie_dj Official: Instagram, Facebook, Twitter | Linktree",https://linktr.ee/cinthie_dj,linktr.ee/cinthie_dj,https://linktr.ee/cinthie_dj,"View cinthie_dj's Linktree to discover and stream music from top platforms like Spotify, Bandcamp, Soundcloud here. Your next favorite track is just a click away!",https://linktr.ee/cinthie_dj,Linktree,,https://linktr.ee/cinthie_dj,https://external-content.duckduckgo.com/ip3/linktr.ee.ico
Goth Barge - Linktree,https://linktr.ee/gothbarge,linktr.ee/gothbarge,https://linktr.ee/gothbarge,A darkwave DJ collective best known for their boat dance parties. 0 followers Make A Song Request Join Our Email List Add Our Event Calendar Booking Inquiry Form,https://linktr.ee/gothbarge,DJ,Email,https://linktr.ee/gothbarge,https://external-content.duckduckgo.com/ip3/linktr.ee.ico
Pakistanikira OnlyFans Official - Exclusive Content & Account | Linktree,https://linktr.ee/Pakistanikira,linktr.ee/Pakistanikira,https://linktr.ee/Pakistanikira,See Pakistanikira on OnlyFans. Access exclusive photos and videos. Visit the official page now.,https://linktr.ee/Pakistanikira,,,https://linktr.ee/Pakistanikira,https://external-content.duckduckgo.com/ip3/linktr.ee.ico
"Radio Berlin Official: Instagram, Facebook | Linktree",https://linktr.ee/radioberlintlv,linktr.ee/radioberlintlv,https://linktr.ee/radioberlintlv,"Radio Berlin has been a member of Linktree for 2 years and joined in November 2023. The social media accounts linked to from Radio Berlin are: • Facebook • Instagram • SoundCloud • Email Besides social media accounts, radioberlintlv has populated their site with: • Purim Rave February 27th • Andy Charles - Feel The Bounce by Radio Berlin • Infected Festival - toMix // Show case ...",https://linktr.ee/radioberlintlv,Berlin,Linktree,https://linktr.ee/radioberlintlv,https://external-content.duckduckgo.com/ip3/linktr.ee.ico
"austin.sounds Official: TikTok, Instagram | Linktree",https://linktr.ee/austin.sounds,linktr.ee/austin.sounds,https://linktr.ee/austin.sounds,"austin.sounds has been a member of Linktree for 4 years and joined in September 2022. The social media accounts linked to from austin.sounds are: • Instagram • TikTok • YouTube • SoundCloud • Email Besides social media accounts, austin.sounds has populated their site with: • BOOKING REQUESTS • LIVE @BORCHARDT BERLIN • AUSTINS SELECTION EP01 • EVENT: APÉRO BY AUSTIN",https://linktr.ee/austin.sounds,Linktree,Email,https://linktr.ee/austin.sounds,https://external-content.duckduckgo.com/ip3/linktr.ee.ico
ZELECTER | Hardstyle DJ | Linktree,https://linktr.ee/zelecter,linktr.ee/zelecter,https://linktr.ee/zelecter,"Event Agenda, Merchandise, Livesets & Bookings - All you need to know in one Linktree.",https://linktr.ee/zelecter,Bookings,Linktree,https://linktr.ee/zelecter,https://external-content.duckduckgo.com/ip3/linktr.ee.ico
"optijuegos Official: TikTok, Instagram | Linktree",https://linktr.ee/optijuegos,linktr.ee/optijuegos,https://linktr.ee/optijuegos,How YouTube creators can build stronger audience relationships How to promote a podcast: 10 practical tips Linktree launches new and improved YouTube features to help creators build more direct connections with their audiences How to make a QR code for your Linktree Here's how to schedule Instagram posts and save time Linktree Teams Up With Olivia Rodrigo's Daisy Chain Fields to Turn ...,https://linktr.ee/optijuegos,Linktree,Linktree,https://linktr.ee/optijuegos,https://external-content.duckduckgo.com/ip3/linktr.ee.ico
@mariasatelles Official: Instagram | Linktree,https://linktr.ee/djmaria.japan,linktr.ee/djmaria.japan,https://linktr.ee/djmaria.japan,"View djmaria.japan's Linktree to discover and stream music from top platforms like Bandcamp, Beatport, Soundcloud here. Your next favorite track is just a click away!",https://linktr.ee/djmaria.japan,Linktree,,https://linktr.ee/djmaria.japan,https://external-content.duckduckgo.com/ip3/linktr.ee.ico
rupaulofficial Official: TikTok | Linktree,https://linktr.ee/rupaulofficial,linktr.ee/rupaulofficial,https://linktr.ee/rupaulofficial,View rupaulofficial's Linktree to discover and stream music from top platforms like Spotify here. Your next favorite track is just a click away!,https://linktr.ee/rupaulofficial,Linktree,,https://linktr.ee/rupaulofficial,https://external-content.duckduckgo.com/ip3/linktr.ee.ico
"ONYX Official: TikTok, Instagram | Linktree",https://linktr.ee/onyx.berlin,linktr.ee/onyx.berlin,https://linktr.ee/onyx.berlin,View onyx.berlin's Linktree to discover and stream music from top platforms like Soundcloud here. Your next favorite track is just a click away!,https://linktr.ee/onyx.berlin,berlin's,Linktree,https://linktr.ee/onyx.berlin,https://external-content.duckduckgo.com/ip3/linktr.ee.ico
"HadesDj | Instagram, Facebook | Linktree",https://linktr.ee/HadesDj,linktr.ee/HadesDj,https://linktr.ee/HadesDj,"Stream Hades music | Listen to songs, albums, playlists for free on SoundCloud",https://linktr.ee/HadesDj,,,https://linktr.ee/HadesDj,https://external-content.duckduckgo.com/ip3/linktr.ee.ico
aloooytvjoootv Official: Instagram | Linktree,https://linktr.ee/aloooytvjoootv,linktr.ee/aloooytvjoootv,https://linktr.ee/aloooytvjoootv,"Joootv, aloootv offers many arabic shows to steam. جرس انذار, بنات الروابي, امر",https://linktr.ee/aloooytvjoootv,,,https://linktr.ee/aloooytvjoootv,https://external-content.duckduckgo.com/ip3/linktr.ee.ico
九色视频 | 91九色蝌蚪论坛 | 九色最新地址在线 | Linktree,https://linktr.ee/jiuse1,linktr.ee/jiuse1,https://linktr.ee/jiuse1,在九色视频，您可以找到丰富多彩的内容，涵盖91九色蝌蚪论坛的最新动态。我们提供九色最新地址在线，方便您随时访问最新资源。无论是视频分享还是论坛交流，九色视频都是您理想的选择，精彩内容不容错过!,https://linktr.ee/jiuse1,,,https://linktr.ee/jiuse1,https://external-content.duckduckgo.com/ip3/linktr.ee.ico
berlin_club | Linktree,https://linktr.ee/berlin_club,linktr.ee/berlin_club,https://linktr.ee/berlin_club,@berlin_club Todos os lados da noite. Shows | Baladas | Eventos SHOW NACIONAL MC PH BERLIN 10 ANOS Pt 1 - JAPA NK MEIO MÉDICO VETERINÁRIO - MC KEKEL Comunidade Berlin Autorização para menores (autenticar em cartório),https://linktr.ee/berlin_club,BERLIN,Berlin,https://linktr.ee/berlin_club,https://external-content.duckduckgo.com/ip3/linktr.ee.ico
糖心vlog网页版 | 糖心视频tv | 糖心传媒volg肉 - Linktree,https://linktr.ee/tangxin1,linktr.ee/tangxin1,https://linktr.ee/tangxin1,糖心vlog网页版，无需下载，在线观看!网罗糖心视频tv的精彩内容，更有糖心传媒volg肉视频等你来探索。高清流畅，精彩不间断，满足你的视听需求!,https://linktr.ee/tangxin1,,,https://linktr.ee/tangxin1,https://external-content.duckduckgo.com/ip3/linktr.ee.ico
"djgigola Official: TikTok, Instagram | Linktree",https://linktr.ee/djgigola,linktr.ee/djgigola,https://linktr.ee/djgigola,View djgigola's Linktree to discover and stream music from top platforms like Soundcloud here. Your next favorite track is just a click away!,https://linktr.ee/djgigola,Linktree,,https://linktr.ee/djgigola,https://external-content.duckduckgo.com/ip3/linktr.ee.ico
thebrettberlin Official: Facebook | Linktree,https://linktr.ee/thebrettberlin,linktr.ee/thebrettberlin,https://linktr.ee/thebrettberlin,"thebrettberlin Official: Facebook | Linktree ... DJ, Berlin",https://linktr.ee/thebrettberlin,Linktree,DJ,https://linktr.ee/thebrettberlin,https://external-content.duckduckgo.com/ip3/linktr.ee.ico
"glia.dj Official: TikTok, Instagram, Facebook | Linktree",https://linktr.ee/glia.dj,linktr.ee/glia.dj,https://linktr.ee/glia.dj,View glia.dj's Linktree to discover and stream music from top platforms like Soundcloud here. Your next favorite track is just a click away!,https://linktr.ee/glia.dj,dj's,Linktree,https://linktr.ee/glia.dj,https://external-content.duckduckgo.com/ip3/linktr.ee.ico
"NELJA Official: TikTok, Instagram | Linktree",https://linktr.ee/nelja.music,linktr.ee/nelja.music,https://linktr.ee/nelja.music,View nelja.music's Linktree to discover and stream music from top platforms like Soundcloud here. Your next favorite track is just a click away!,https://linktr.ee/nelja.music,Linktree,,https://linktr.ee/nelja.music,https://external-content.duckduckgo.com/ip3/linktr.ee.ico
The Ghost Official: Instagram | Linktree,https://linktr.ee/ghostberlin,linktr.ee/ghostberlin,https://linktr.ee/ghostberlin,bookings- jodie@mdcberlin.com,https://linktr.ee/ghostberlin,bookings,,https://linktr.ee/ghostberlin,https://external-content.duckduckgo.com/ip3/linktr.ee.ico
"""""DJ Baby Berlin: Party Witch, Twitch Partner, Wedding DJ ... - Linktree",https://linktr.ee/djbabyberlin,linktr.ee/djbabyberlin,https://linktr.ee/djbabyberlin,"Immerse in DJ Baby Berlin's world where alternative club beats meet captivating Twitch streams and unforgettable wedding DJ services. Stay in the loop with promotions and upcoming events. Click now, because we know you just can't get enough!",https://linktr.ee/djbabyberlin,DJ,Berlin's,https://linktr.ee/djbabyberlin,https://external-content.duckduckgo.com/ip3/linktr.ee.ico
"Dust Booking Official: Instagram, Facebook | Linktree",https://linktr.ee/dustbooking,linktr.ee/dustbooking,https://linktr.ee/dustbooking,"Booking agency, live services. Never standing still. www.dust-booking.com",https://linktr.ee/dustbooking,Booking,booking,https://linktr.ee/dustbooking,https://external-content.duckduckgo.com/ip3/linktr.ee.ico
"Tresor Berlin Official: TikTok, Instagram, X, Facebook | Linktree",https://linktr.ee/tresorberlin,linktr.ee/tresorberlin,https://linktr.ee/tresorberlin,"View tresorberlin's Linktree to discover and stream music from top platforms like Spotify, Apple Music, Bandcamp here. Your next favorite track is just a click away!",https://linktr.ee/tresorberlin,Linktree,,https://linktr.ee/tresorberlin,https://external-content.duckduckgo.com/ip3/linktr.ee.ico
"Anfragen: mail@djicerolls.de Official: TikTok, Instagram | Linktree",https://linktr.ee/djicerolls,linktr.ee/djicerolls,https://linktr.ee/djicerolls,Du hast Lust DJ Ice Rolls auch auf Deinem Event live zu erleben? Dann stelle noch schnell Deine Buchungsanfrage für 2026: www.djicerolls.de,https://linktr.ee/djicerolls,DJ,,https://linktr.ee/djicerolls,https://external-content.duckduckgo.com/ip3/linktr.ee.ico
"cinthie_dj Official: Instagram, Facebook, Twitter | Linktree",https://linktr.ee/cinthie_dj,linktr.ee/cinthie_dj,https://linktr.ee/cinthie_dj,"View cinthie_dj's Linktree to discover and stream music from top platforms like Spotify, Bandcamp, Soundcloud here. Your next favorite track is just a click away!",https://linktr.ee/cinthie_dj,Linktree,,https://linktr.ee/cinthie_dj,https://external-content.duckduckgo.com/ip3/linktr.ee.ico
"ALYSSA & GIA Official: TikTok, Instagram | Linktree",https://linktr.ee/alyssa_gia_music,linktr.ee/alyssa_gia_music,https://linktr.ee/alyssa_gia_music,"View alyssa_gia_music's Linktree to discover and stream music from top platforms like Spotify, Soundcloud here. Your next favorite track is just a click away!",https://linktr.ee/alyssa_gia_music,Linktree,,https://linktr.ee/alyssa_gia_music,https://external-content.duckduckgo.com/ip3/linktr.ee.ico
Goth Barge - Linktree,https://linktr.ee/gothbarge,linktr.ee/gothbarge,https://linktr.ee/gothbarge,A darkwave DJ collective best known for their boat dance parties. 0 followers Make A Song Request Join Our Email List Add Our Event Calendar Booking Inquiry Form,https://linktr.ee/gothbarge,DJ,Email,https://linktr.ee/gothbarge,https://external-content.duckduckgo.com/ip3/linktr.ee.ico
Pakistanikira OnlyFans Official - Exclusive Content & Account | Linktree,https://linktr.ee/Pakistanikira,linktr.ee/Pakistanikira,https://linktr.ee/Pakistanikira,See Pakistanikira on OnlyFans. Access exclusive photos and videos. Visit the official page now.,https://linktr.ee/Pakistanikira,,,https://linktr.ee/Pakistanikira,https://external-content.duckduckgo.com/ip3/linktr.ee.ico
"Radio Berlin Official: Instagram, Facebook | Linktree",https://linktr.ee/radioberlintlv,linktr.ee/radioberlintlv,https://linktr.ee/radioberlintlv,"Radio Berlin has been a member of Linktree for 2 years and joined in November 2023. The social media accounts linked to from Radio Berlin are: • Facebook • Instagram • SoundCloud • Email Besides social media accounts, radioberlintlv has populated their site with: • Purim Rave February 27th • Andy Charles - Feel The Bounce by Radio Berlin • Infected Festival - toMix // Show case ...",https://linktr.ee/radioberlintlv,Berlin,Linktree,https://linktr.ee/radioberlintlv,https://external-content.duckduckgo.com/ip3/linktr.ee.ico
"austin.sounds Official: TikTok, Instagram | Linktree",https://linktr.ee/austin.sounds,linktr.ee/austin.sounds,https://linktr.ee/austin.sounds,"austin.sounds has been a member of Linktree for 4 years and joined in September 2022. The social media accounts linked to from austin.sounds are: • Instagram • TikTok • YouTube • SoundCloud • Email Besides social media accounts, austin.sounds has populated their site with: • BOOKING REQUESTS • LIVE @BORCHARDT BERLIN • AUSTINS SELECTION EP01 • EVENT: APÉRO BY AUSTIN",https://linktr.ee/austin.sounds,Linktree,Email,https://linktr.ee/austin.sounds,https://external-content.duckduckgo.com/ip3/linktr.ee.ico
ZELECTER | Hardstyle DJ | Linktree,https://linktr.ee/zelecter,linktr.ee/zelecter,https://linktr.ee/zelecter,"Event Agenda, Merchandise, Livesets & Bookings - All you need to know in one Linktree.",https://linktr.ee/zelecter,Bookings,Linktree,https://linktr.ee/zelecter,https://external-content.duckduckgo.com/ip3/linktr.ee.ico
"optijuegos Official: TikTok, Instagram | Linktree",https://linktr.ee/optijuegos,linktr.ee/optijuegos,https://linktr.ee/optijuegos,How YouTube creators can build stronger audience relationships How to promote a podcast: 10 practical tips Linktree launches new and improved YouTube features to help creators build more direct connections with their audiences How to make a QR code for your Linktree Here's how to schedule Instagram posts and save time Linktree Teams Up With Olivia Rodrigo's Daisy Chain Fields to Turn ...,https://linktr.ee/optijuegos,Linktree,Linktree,https://linktr.ee/optijuegos,https://external-content.duckduckgo.com/ip3/linktr.ee.ico
@mariasatelles Official: Instagram | Linktree,https://linktr.ee/djmaria.japan,linktr.ee/djmaria.japan,https://linktr.ee/djmaria.japan,"View djmaria.japan's Linktree to discover and stream music from top platforms like Bandcamp, Beatport, Soundcloud here. Your next favorite track is just a click away!",https://linktr.ee/djmaria.japan,Linktree,,https://linktr.ee/djmaria.japan,https://external-content.duckduckgo.com/ip3/linktr.ee.ico
rupaulofficial Official: TikTok | Linktree,https://linktr.ee/rupaulofficial,linktr.ee/rupaulofficial,https://linktr.ee/rupaulofficial,View rupaulofficial's Linktree to discover and stream music from top platforms like Spotify here. Your next favorite track is just a click away!,https://linktr.ee/rupaulofficial,Linktree,,https://linktr.ee/rupaulofficial,https://external-content.duckduckgo.com/ip3/linktr.ee.ico
"ONYX Official: TikTok, Instagram | Linktree",https://linktr.ee/onyx.berlin,linktr.ee/onyx.berlin,https://linktr.ee/onyx.berlin,View onyx.berlin's Linktree to discover and stream music from top platforms like Soundcloud here. Your next favorite track is just a click away!,https://linktr.ee/onyx.berlin,berlin's,Linktree,https://linktr.ee/onyx.berlin,https://external-content.duckduckgo.com/ip3/linktr.ee.ico
"HadesDj | Instagram, Facebook | Linktree",https://linktr.ee/HadesDj,linktr.ee/HadesDj,https://linktr.ee/HadesDj,"Stream Hades music | Listen to songs, albums, playlists for free on SoundCloud",https://linktr.ee/HadesDj,,,https://linktr.ee/HadesDj,https://external-content.duckduckgo.com/ip3/linktr.ee.ico
aloooytvjoootv Official: Instagram | Linktree,https://linktr.ee/aloooytvjoootv,linktr.ee/aloooytvjoootv,https://linktr.ee/aloooytvjoootv,"Joootv, aloootv offers many arabic shows to steam. جرس انذار, بنات الروابي, امر",https://linktr.ee/aloooytvjoootv,,,https://linktr.ee/aloooytvjoootv,https://external-content.duckduckgo.com/ip3/linktr.ee.ico
九色视频 | 91九色蝌蚪论坛 | 九色最新地址在线 | Linktree,https://linktr.ee/jiuse1,linktr.ee/jiuse1,https://linktr.ee/jiuse1,在九色视频，您可以找到丰富多彩的内容，涵盖91九色蝌蚪论坛的最新动态。我们提供九色最新地址在线，方便您随时访问最新资源。无论是视频分享还是论坛交流，九色视频都是您理想的选择，精彩内容不容错过!,https://linktr.ee/jiuse1,,,https://linktr.ee/jiuse1,https://external-content.duckduckgo.com/ip3/linktr.ee.ico
berlin_club | Linktree,https://linktr.ee/berlin_club,linktr.ee/berlin_club,https://linktr.ee/berlin_club,@berlin_club Todos os lados da noite. Shows | Baladas | Eventos SHOW NACIONAL MC PH BERLIN 10 ANOS Pt 1 - JAPA NK MEIO MÉDICO VETERINÁRIO - MC KEKEL Comunidade Berlin Autorização para menores (autenticar em cartório),https://linktr.ee/berlin_club,BERLIN,Berlin,https://linktr.ee/berlin_club,https://external-content.duckduckgo.com/ip3/linktr.ee.ico
糖心vlog网页版 | 糖心视频tv | 糖心传媒volg肉 - Linktree,https://linktr.ee/tangxin1,linktr.ee/tangxin1,https://linktr.ee/tangxin1,糖心vlog网页版，无需下载，在线观看!网罗糖心视频tv的精彩内容，更有糖心传媒volg肉视频等你来探索。高清流畅，精彩不间断，满足你的视听需求!,https://linktr.ee/tangxin1,,,https://linktr.ee/tangxin1,https://external-content.duckduckgo.com/ip3/linktr.ee.ico
"djgigola Official: TikTok, Instagram | Linktree",https://linktr.ee/djgigola,linktr.ee/djgigola,https://linktr.ee/djgigola,View djgigola's Linktree to discover and stream music from top platforms like Soundcloud here. Your next favorite track is just a click away!,https://linktr.ee/djgigola,Linktree,,https://linktr.ee/djgigola,https://external-content.duckduckgo.com/ip3/linktr.ee.ico
thebrettberlin Official: Facebook | Linktree,https://linktr.ee/thebrettberlin,linktr.ee/thebrettberlin,https://linktr.ee/thebrettberlin,"thebrettberlin Official: Facebook | Linktree ... DJ, Berlin",https://linktr.ee/thebrettberlin,Linktree,DJ,https://linktr.ee/thebrettberlin,https://external-content.duckduckgo.com/ip3/linktr.ee.ico
donna.dj Official: Facebook | Linktree,https://linktr.ee/donna.dj,linktr.ee/donna.dj,https://linktr.ee/donna.dj,View donna.dj's Linktree to discover and stream music from top platforms like Soundcloud here. Your next favorite track is just a click away!,https://linktr.ee/donna.dj,dj's,Linktree,https://linktr.ee/donna.dj,https://external-content.duckduckgo.com/ip3/linktr.ee.ico
"A.N.I. Official: TikTok, Instagram | Linktree",https://linktr.ee/a.n.i.dj,linktr.ee/a.n.i.dj,https://linktr.ee/a.n.i.dj,"View a.n.i.dj's Linktree to discover and stream music from top platforms like Spotify, Soundcloud here. Your next favorite track is just a click away!",https://linktr.ee/a.n.i.dj,Linktree,,https://linktr.ee/a.n.i.dj,https://external-content.duckduckgo.com/ip3/linktr.ee.ico
"glia.dj Official: TikTok, Instagram, Facebook | Linktree",https://linktr.ee/glia.dj,linktr.ee/glia.dj,https://linktr.ee/glia.dj,View glia.dj's Linktree to discover and stream music from top platforms like Soundcloud here. Your next favorite track is just a click away!,https://linktr.ee/glia.dj,dj's,Linktree,https://linktr.ee/glia.dj,https://external-content.duckduckgo.com/ip3/linktr.ee.ico
The Ghost Official: Instagram | Linktree,https://linktr.ee/ghostberlin,linktr.ee/ghostberlin,https://linktr.ee/ghostberlin,bookings- jodie@mdcberlin.com,https://linktr.ee/ghostberlin,bookings,,https://linktr.ee/ghostberlin,https://external-content.duckduckgo.com/ip3/linktr.ee.ico
"""""DJ Baby Berlin: Party Witch, Twitch Partner, Wedding DJ ... - Linktree",https://linktr.ee/djbabyberlin,linktr.ee/djbabyberlin,https://linktr.ee/djbabyberlin,"Immerse in DJ Baby Berlin's world where alternative club beats meet captivating Twitch streams and unforgettable wedding DJ services. Stay in the loop with promotions and upcoming events. Click now, because we know you just can't get enough!",https://linktr.ee/djbabyberlin,DJ,Berlin's,https://linktr.ee/djbabyberlin,https://external-content.duckduckgo.com/ip3/linktr.ee.ico
"Dust Booking Official: Instagram, Facebook | Linktree",https://linktr.ee/dustbooking,linktr.ee/dustbooking,https://linktr.ee/dustbooking,"Booking agency, live services. Never standing still. www.dust-booking.com",https://linktr.ee/dustbooking,Booking,booking,https://linktr.ee/dustbooking,https://external-content.duckduckgo.com/ip3/linktr.ee.ico
"Tresor Berlin Official: TikTok, Instagram, X, Facebook | Linktree",https://linktr.ee/tresorberlin,linktr.ee/tresorberlin,https://linktr.ee/tresorberlin,"View tresorberlin's Linktree to discover and stream music from top platforms like Spotify, Apple Music, Bandcamp here. Your next favorite track is just a click away!",https://linktr.ee/tresorberlin,Linktree,,https://linktr.ee/tresorberlin,https://external-content.duckduckgo.com/ip3/linktr.ee.ico
"Anfragen: mail@djicerolls.de Official: TikTok, Instagram | Linktree",https://linktr.ee/djicerolls,linktr.ee/djicerolls,https://linktr.ee/djicerolls,Du hast Lust DJ Ice Rolls auch auf Deinem Event live zu erleben? Dann stelle noch schnell Deine Buchungsanfrage für 2026: www.djicerolls.de,https://linktr.ee/djicerolls,DJ,,https://linktr.ee/djicerolls,https://external-content.duckduckgo.com/ip3/linktr.ee.ico
"cinthie_dj Official: Instagram, Facebook, Twitter | Linktree",https://linktr.ee/cinthie_dj,linktr.ee/cinthie_dj,https://linktr.ee/cinthie_dj,"View cinthie_dj's Linktree to discover and stream music from top platforms like Spotify, Bandcamp, Soundcloud here. Your next favorite track is just a click away!",https://linktr.ee/cinthie_dj,Linktree,,https://linktr.ee/cinthie_dj,https://external-content.duckduckgo.com/ip3/linktr.ee.ico
Goth Barge - Linktree,https://linktr.ee/gothbarge,linktr.ee/gothbarge,https://linktr.ee/gothbarge,A darkwave DJ collective best known for their boat dance parties. 0 followers Make A Song Request Join Our Email List Add Our Event Calendar Booking Inquiry Form,https://linktr.ee/gothbarge,DJ,Email,https://linktr.ee/gothbarge,https://external-content.duckduckgo.com/ip3/linktr.ee.ico
Pakistanikira OnlyFans Official - Exclusive Content & Account | Linktree,https://linktr.ee/Pakistanikira,linktr.ee/Pakistanikira,https://linktr.ee/Pakistanikira,See Pakistanikira on OnlyFans. Access exclusive photos and videos. Visit the official page now.,https://linktr.ee/Pakistanikira,,,https://linktr.ee/Pakistanikira,https://external-content.duckduckgo.com/ip3/linktr.ee.ico
"Radio Berlin Official: Instagram, Facebook | Linktree",https://linktr.ee/radioberlintlv,linktr.ee/radioberlintlv,https://linktr.ee/radioberlintlv,"Radio Berlin has been a member of Linktree for 2 years and joined in November 2023. The social media accounts linked to from Radio Berlin are: • Facebook • Instagram • SoundCloud • Email Besides social media accounts, radioberlintlv has populated their site with: • Purim Rave February 27th • Andy Charles - Feel The Bounce by Radio Berlin • Infected Festival - toMix // Show case ...",https://linktr.ee/radioberlintlv,Berlin,Linktree,https://linktr.ee/radioberlintlv,https://external-content.duckduckgo.com/ip3/linktr.ee.ico
"austin.sounds Official: TikTok, Instagram | Linktree",https://linktr.ee/austin.sounds,linktr.ee/austin.sounds,https://linktr.ee/austin.sounds,"austin.sounds has been a member of Linktree for 4 years and joined in September 2022. The social media accounts linked to from austin.sounds are: • Instagram • TikTok • YouTube • SoundCloud • Email Besides social media accounts, austin.sounds has populated their site with: • BOOKING REQUESTS • LIVE @BORCHARDT BERLIN • AUSTINS SELECTION EP01 • EVENT: APÉRO BY AUSTIN",https://linktr.ee/austin.sounds,Linktree,Email,https://linktr.ee/austin.sounds,https://external-content.duckduckgo.com/ip3/linktr.ee.ico
ZELECTER | Hardstyle DJ | Linktree,https://linktr.ee/zelecter,linktr.ee/zelecter,https://linktr.ee/zelecter,"Event Agenda, Merchandise, Livesets & Bookings - All you need to know in one Linktree.",https://linktr.ee/zelecter,Bookings,Linktree,https://linktr.ee/zelecter,https://external-content.duckduckgo.com/ip3/linktr.ee.ico
"optijuegos Official: TikTok, Instagram | Linktree",https://linktr.ee/optijuegos,linktr.ee/optijuegos,https://linktr.ee/optijuegos,How YouTube creators can build stronger audience relationships How to promote a podcast: 10 practical tips Linktree launches new and improved YouTube features to help creators build more direct connections with their audiences How to make a QR code for your Linktree Here's how to schedule Instagram posts and save time Linktree Teams Up With Olivia Rodrigo's Daisy Chain Fields to Turn ...,https://linktr.ee/optijuegos,Linktree,Linktree,https://linktr.ee/optijuegos,https://external-content.duckduckgo.com/ip3/linktr.ee.ico
@mariasatelles Official: Instagram | Linktree,https://linktr.ee/djmaria.japan,linktr.ee/djmaria.japan,https://linktr.ee/djmaria.japan,"View djmaria.japan's Linktree to discover and stream music from top platforms like Bandcamp, Beatport, Soundcloud here. Your next favorite track is just a click away!",https://linktr.ee/djmaria.japan,Linktree,,https://linktr.ee/djmaria.japan,https://external-content.duckduckgo.com/ip3/linktr.ee.ico
rupaulofficial Official: TikTok | Linktree,https://linktr.ee/rupaulofficial,linktr.ee/rupaulofficial,https://linktr.ee/rupaulofficial,View rupaulofficial's Linktree to discover and stream music from top platforms like Spotify here. Your next favorite track is just a click away!,https://linktr.ee/rupaulofficial,Linktree,,https://linktr.ee/rupaulofficial,https://external-content.duckduckgo.com/ip3/linktr.ee.ico
"ONYX Official: TikTok, Instagram | Linktree",https://linktr.ee/onyx.berlin,linktr.ee/onyx.berlin,https://linktr.ee/onyx.berlin,View onyx.berlin's Linktree to discover and stream music from top platforms like Soundcloud here. Your next favorite track is just a click away!,https://linktr.ee/onyx.berlin,berlin's,Linktree,https://linktr.ee/onyx.berlin,https://external-content.duckduckgo.com/ip3/linktr.ee.ico
"HadesDj | Instagram, Facebook | Linktree",https://linktr.ee/HadesDj,linktr.ee/HadesDj,https://linktr.ee/HadesDj,"Stream Hades music | Listen to songs, albums, playlists for free on SoundCloud",https://linktr.ee/HadesDj,,,https://linktr.ee/HadesDj,https://external-content.duckduckgo.com/ip3/linktr.ee.ico
aloooytvjoootv Official: Instagram | Linktree,https://linktr.ee/aloooytvjoootv,linktr.ee/aloooytvjoootv,https://linktr.ee/aloooytvjoootv,"Joootv, aloootv offers many arabic shows to steam. جرس انذار, بنات الروابي, امر",https://linktr.ee/aloooytvjoootv,,,https://linktr.ee/aloooytvjoootv,https://external-content.duckduckgo.com/ip3/linktr.ee.ico
九色视频 | 91九色蝌蚪论坛 | 九色最新地址在线 | Linktree,https://linktr.ee/jiuse1,linktr.ee/jiuse1,https://linktr.ee/jiuse1,在九色视频，您可以找到丰富多彩的内容，涵盖91九色蝌蚪论坛的最新动态。我们提供九色最新地址在线，方便您随时访问最新资源。无论是视频分享还是论坛交流，九色视频都是您理想的选择，精彩内容不容错过!,https://linktr.ee/jiuse1,,,https://linktr.ee/jiuse1,https://external-content.duckduckgo.com/ip3/linktr.ee.ico
berlin_club | Linktree,https://linktr.ee/berlin_club,linktr.ee/berlin_club,https://linktr.ee/berlin_club,@berlin_club Todos os lados da noite. Shows | Baladas | Eventos SHOW NACIONAL MC PH BERLIN 10 ANOS Pt 1 - JAPA NK MEIO MÉDICO VETERINÁRIO - MC KEKEL Comunidade Berlin Autorização para menores (autenticar em cartório),https://linktr.ee/berlin_club,BERLIN,Berlin,https://linktr.ee/berlin_club,https://external-content.duckduckgo.com/ip3/linktr.ee.ico
糖心vlog网页版 | 糖心视频tv | 糖心传媒volg肉 - Linktree,https://linktr.ee/tangxin1,linktr.ee/tangxin1,https://linktr.ee/tangxin1,糖心vlog网页版，无需下载，在线观看!网罗糖心视频tv的精彩内容，更有糖心传媒volg肉视频等你来探索。高清流畅，精彩不间断，满足你的视听需求!,https://linktr.ee/tangxin1,,,https://linktr.ee/tangxin1,https://external-content.duckduckgo.com/ip3/linktr.ee.ico
"djgigola Official: TikTok, Instagram | Linktree",https://linktr.ee/djgigola,linktr.ee/djgigola,https://linktr.ee/djgigola,View djgigola's Linktree to discover and stream music from top platforms like Soundcloud here. Your next favorite track is just a click away!,https://linktr.ee/djgigola,Linktree,,https://linktr.ee/djgigola,https://external-content.duckduckgo.com/ip3/linktr.ee.ico
thebrettberlin Official: Facebook | Linktree,https://linktr.ee/thebrettberlin,linktr.ee/thebrettberlin,https://linktr.ee/thebrettberlin,"thebrettberlin Official: Facebook | Linktree ... DJ, Berlin",https://linktr.ee/thebrettberlin,Linktree,DJ,https://linktr.ee/thebrettberlin,https://external-content.duckduckgo.com/ip3/linktr.ee.ico
"glia.dj Official: TikTok, Instagram, Facebook | Linktree",https://linktr.ee/glia.dj,linktr.ee/glia.dj,https://linktr.ee/glia.dj,View glia.dj's Linktree to discover and stream music from top platforms like Soundcloud here. Your next favorite track is just a click away!,https://linktr.ee/glia.dj,dj's,Linktree,https://linktr.ee/glia.dj,https://external-content.duckduckgo.com/ip3/linktr.ee.ico
"NELJA Official: TikTok, Instagram | Linktree",https://linktr.ee/nelja.music,linktr.ee/nelja.music,https://linktr.ee/nelja.music,View nelja.music's Linktree to discover and stream music from top platforms like Soundcloud here. Your next favorite track is just a click away!,https://linktr.ee/nelja.music,Linktree,,https://linktr.ee/nelja.music,https://external-content.duckduckgo.com/ip3/linktr.ee.ico
The Ghost Official: Instagram | Linktree,https://linktr.ee/ghostberlin,linktr.ee/ghostberlin,https://linktr.ee/ghostberlin,bookings- jodie@mdcberlin.com,https://linktr.ee/ghostberlin,bookings,,https://linktr.ee/ghostberlin,https://external-content.duckduckgo.com/ip3/linktr.ee.ico
"""""DJ Baby Berlin: Party Witch, Twitch Partner, Wedding DJ ... - Linktree",https://linktr.ee/djbabyberlin,linktr.ee/djbabyberlin,https://linktr.ee/djbabyberlin,"Immerse in DJ Baby Berlin's world where alternative club beats meet captivating Twitch streams and unforgettable wedding DJ services. Stay in the loop with promotions and upcoming events. Click now, because we know you just can't get enough!",https://linktr.ee/djbabyberlin,DJ,Berlin's,https://linktr.ee/djbabyberlin,https://external-content.duckduckgo.com/ip3/linktr.ee.ico
"Dust Booking Official: Instagram, Facebook | Linktree",https://linktr.ee/dustbooking,linktr.ee/dustbooking,https://linktr.ee/dustbooking,"Booking agency, live services. Never standing still. www.dust-booking.com",https://linktr.ee/dustbooking,Booking,booking,https://linktr.ee/dustbooking,https://external-content.duckduckgo.com/ip3/linktr.ee.ico
"Tresor Berlin Official: TikTok, Instagram, X, Facebook | Linktree",https://linktr.ee/tresorberlin,linktr.ee/tresorberlin,https://linktr.ee/tresorberlin,"View tresorberlin's Linktree to discover and stream music from top platforms like Spotify, Apple Music, Bandcamp here. Your next favorite track is just a click away!",https://linktr.ee/tresorberlin,Linktree,,https://linktr.ee/tresorberlin,https://external-content.duckduckgo.com/ip3/linktr.ee.ico
"Anfragen: mail@djicerolls.de Official: TikTok, Instagram | Linktree",https://linktr.ee/djicerolls,linktr.ee/djicerolls,https://linktr.ee/djicerolls,Du hast Lust DJ Ice Rolls auch auf Deinem Event live zu erleben? Dann stelle noch schnell Deine Buchungsanfrage für 2026: www.djicerolls.de,https://linktr.ee/djicerolls,DJ,,https://linktr.ee/djicerolls,https://external-content.duckduckgo.com/ip3/linktr.ee.ico
"cinthie_dj Official: Instagram, Facebook, Twitter | Linktree",https://linktr.ee/cinthie_dj,linktr.ee/cinthie_dj,https://linktr.ee/cinthie_dj,"View cinthie_dj's Linktree to discover and stream music from top platforms like Spotify, Bandcamp, Soundcloud here. Your next favorite track is just a click away!",https://linktr.ee/cinthie_dj,Linktree,,https://linktr.ee/cinthie_dj,https://external-content.duckduckgo.com/ip3/linktr.ee.ico
"ALYSSA & GIA Official: TikTok, Instagram | Linktree",https://linktr.ee/alyssa_gia_music,linktr.ee/alyssa_gia_music,https://linktr.ee/alyssa_gia_music,"View alyssa_gia_music's Linktree to discover and stream music from top platforms like Spotify, Soundcloud here. Your next favorite track is just a click away!",https://linktr.ee/alyssa_gia_music,Linktree,,https://linktr.ee/alyssa_gia_music,https://external-content.duckduckgo.com/ip3/linktr.ee.ico
Goth Barge - Linktree,https://linktr.ee/gothbarge,linktr.ee/gothbarge,https://linktr.ee/gothbarge,A darkwave DJ collective best known for their boat dance parties. 0 followers Make A Song Request Join Our Email List Add Our Event Calendar Booking Inquiry Form,https://linktr.ee/gothbarge,DJ,Email,https://linktr.ee/gothbarge,https://external-content.duckduckgo.com/ip3/linktr.ee.ico
Pakistanikira OnlyFans Official - Exclusive Content & Account | Linktree,https://linktr.ee/Pakistanikira,linktr.ee/Pakistanikira,https://linktr.ee/Pakistanikira,See Pakistanikira on OnlyFans. Access exclusive photos and videos. Visit the official page now.,https://linktr.ee/Pakistanikira,,,https://linktr.ee/Pakistanikira,https://external-content.duckduckgo.com/ip3/linktr.ee.ico
"Radio Berlin Official: Instagram, Facebook | Linktree",https://linktr.ee/radioberlintlv,linktr.ee/radioberlintlv,https://linktr.ee/radioberlintlv,"Radio Berlin has been a member of Linktree for 2 years and joined in November 2023. The social media accounts linked to from Radio Berlin are: • Facebook • Instagram • SoundCloud • Email Besides social media accounts, radioberlintlv has populated their site with: • Purim Rave February 27th • Andy Charles - Feel The Bounce by Radio Berlin • Infected Festival - toMix // Show case ...",https://linktr.ee/radioberlintlv,Berlin,Linktree,https://linktr.ee/radioberlintlv,https://external-content.duckduckgo.com/ip3/linktr.ee.ico
"austin.sounds Official: TikTok, Instagram | Linktree",https://linktr.ee/austin.sounds,linktr.ee/austin.sounds,https://linktr.ee/austin.sounds,"austin.sounds has been a member of Linktree for 4 years and joined in September 2022. The social media accounts linked to from austin.sounds are: • Instagram • TikTok • YouTube • SoundCloud • Email Besides social media accounts, austin.sounds has populated their site with: • BOOKING REQUESTS • LIVE @BORCHARDT BERLIN • AUSTINS SELECTION EP01 • EVENT: APÉRO BY AUSTIN",https://linktr.ee/austin.sounds,Linktree,Email,https://linktr.ee/austin.sounds,https://external-content.duckduckgo.com/ip3/linktr.ee.ico
ZELECTER | Hardstyle DJ | Linktree,https://linktr.ee/zelecter,linktr.ee/zelecter,https://linktr.ee/zelecter,"Event Agenda, Merchandise, Livesets & Bookings - All you need to know in one Linktree.",https://linktr.ee/zelecter,Bookings,Linktree,https://linktr.ee/zelecter,https://external-content.duckduckgo.com/ip3/linktr.ee.ico
"optijuegos Official: TikTok, Instagram | Linktree",https://linktr.ee/optijuegos,linktr.ee/optijuegos,https://linktr.ee/optijuegos,How YouTube creators can build stronger audience relationships How to promote a podcast: 10 practical tips Linktree launches new and improved YouTube features to help creators build more direct connections with their audiences How to make a QR code for your Linktree Here's how to schedule Instagram posts and save time Linktree Teams Up With Olivia Rodrigo's Daisy Chain Fields to Turn ...,https://linktr.ee/optijuegos,Linktree,Linktree,https://linktr.ee/optijuegos,https://external-content.duckduckgo.com/ip3/linktr.ee.ico
@mariasatelles Official: Instagram | Linktree,https://linktr.ee/djmaria.japan,linktr.ee/djmaria.japan,https://linktr.ee/djmaria.japan,"View djmaria.japan's Linktree to discover and stream music from top platforms like Bandcamp, Beatport, Soundcloud here. Your next favorite track is just a click away!",https://linktr.ee/djmaria.japan,Linktree,,https://linktr.ee/djmaria.japan,https://external-content.duckduckgo.com/ip3/linktr.ee.ico
rupaulofficial Official: TikTok | Linktree,https://linktr.ee/rupaulofficial,linktr.ee/rupaulofficial,https://linktr.ee/rupaulofficial,View rupaulofficial's Linktree to discover and stream music from top platforms like Spotify here. Your next favorite track is just a click away!,https://linktr.ee/rupaulofficial,Linktree,,https://linktr.ee/rupaulofficial,https://external-content.duckduckgo.com/ip3/linktr.ee.ico
"ONYX Official: TikTok, Instagram | Linktree",https://linktr.ee/onyx.berlin,linktr.ee/onyx.berlin,https://linktr.ee/onyx.berlin,View onyx.berlin's Linktree to discover and stream music from top platforms like Soundcloud here. Your next favorite track is just a click away!,https://linktr.ee/onyx.berlin,berlin's,Linktree,https://linktr.ee/onyx.berlin,https://external-content.duckduckgo.com/ip3/linktr.ee.ico
"HadesDj | Instagram, Facebook | Linktree",https://linktr.ee/HadesDj,linktr.ee/HadesDj,https://linktr.ee/HadesDj,"Stream Hades music | Listen to songs, albums, playlists for free on SoundCloud",https://linktr.ee/HadesDj,,,https://linktr.ee/HadesDj,https://external-content.duckduckgo.com/ip3/linktr.ee.ico
aloooytvjoootv Official: Instagram | Linktree,https://linktr.ee/aloooytvjoootv,linktr.ee/aloooytvjoootv,https://linktr.ee/aloooytvjoootv,"Joootv, aloootv offers many arabic shows to steam. جرس انذار, بنات الروابي, امر",https://linktr.ee/aloooytvjoootv,,,https://linktr.ee/aloooytvjoootv,https://external-content.duckduckgo.com/ip3/linktr.ee.ico
九色视频 | 91九色蝌蚪论坛 | 九色最新地址在线 | Linktree,https://linktr.ee/jiuse1,linktr.ee/jiuse1,https://linktr.ee/jiuse1,在九色视频，您可以找到丰富多彩的内容，涵盖91九色蝌蚪论坛的最新动态。我们提供九色最新地址在线，方便您随时访问最新资源。无论是视频分享还是论坛交流，九色视频都是您理想的选择，精彩内容不容错过!,https://linktr.ee/jiuse1,,,https://linktr.ee/jiuse1,https://external-content.duckduckgo.com/ip3/linktr.ee.ico
berlin_club | Linktree,https://linktr.ee/berlin_club,linktr.ee/berlin_club,https://linktr.ee/berlin_club,@berlin_club Todos os lados da noite. Shows | Baladas | Eventos SHOW NACIONAL MC PH BERLIN 10 ANOS Pt 1 - JAPA NK MEIO MÉDICO VETERINÁRIO - MC KEKEL Comunidade Berlin Autorização para menores (autenticar em cartório),https://linktr.ee/berlin_club,BERLIN,Berlin,https://linktr.ee/berlin_club,https://external-content.duckduckgo.com/ip3/linktr.ee.ico
糖心vlog网页版 | 糖心视频tv | 糖心传媒volg肉 - Linktree,https://linktr.ee/tangxin1,linktr.ee/tangxin1,https://linktr.ee/tangxin1,糖心vlog网页版，无需下载，在线观看!网罗糖心视频tv的精彩内容，更有糖心传媒volg肉视频等你来探索。高清流畅，精彩不间断，满足你的视听需求!,https://linktr.ee/tangxin1,,,https://linktr.ee/tangxin1,https://external-content.duckduckgo.com/ip3/linktr.ee.ico
"djgigola Official: TikTok, Instagram | Linktree",https://linktr.ee/djgigola,linktr.ee/djgigola,https://linktr.ee/djgigola,View djgigola's Linktree to discover and stream music from top platforms like Soundcloud here. Your next favorite track is just a click away!,https://linktr.ee/djgigola,Linktree,,https://linktr.ee/djgigola,https://external-content.duckduckgo.com/ip3/linktr.ee.ico
thebrettberlin Official: Facebook | Linktree,https://linktr.ee/thebrettberlin,linktr.ee/thebrettberlin,https://linktr.ee/thebrettberlin,"@thebrettberlin DJ, Berlin Audius (Electro, HipHop, Dubstep, Punk, Indie and more) Mixcloud (HipHop, Punkrock, Electro and more) Soundcloud (Electro)",https://linktr.ee/thebrettberlin,DJ,Berlin,https://linktr.ee/thebrettberlin,https://external-content.duckduckgo.com/ip3/linktr.ee.ico
"NELJA Official: TikTok, Instagram | Linktree",https://linktr.ee/nelja.music,linktr.ee/nelja.music,https://linktr.ee/nelja.music,View nelja.music's Linktree to discover and stream music from top platforms like Soundcloud here. Your next favorite track is just a click away!,https://linktr.ee/nelja.music,Linktree,,https://linktr.ee/nelja.music,https://external-content.duckduckgo.com/ip3/linktr.ee.ico
The Ghost Official: Instagram | Linktree,https://linktr.ee/ghostberlin,linktr.ee/ghostberlin,https://linktr.ee/ghostberlin,bookings- jodie@mdcberlin.com,https://linktr.ee/ghostberlin,bookings,,https://linktr.ee/ghostberlin,https://external-content.duckduckgo.com/ip3/linktr.ee.ico
"""""DJ Baby Berlin: Party Witch, Twitch Partner, Wedding DJ ... - Linktree",https://linktr.ee/djbabyberlin,linktr.ee/djbabyberlin,https://linktr.ee/djbabyberlin,Immerse in DJ Baby Berlin's world where alternative club beats meet captivating Twitch streams and unforgettable wedding DJ services. Stay in the loop with promotions and upcoming events.,https://linktr.ee/djbabyberlin,DJ,Berlin's,https://linktr.ee/djbabyberlin,https://external-content.duckduckgo.com/ip3/linktr.ee.ico
"glia.dj Official: TikTok, Instagram, Facebook | Linktree",https://linktr.ee/glia.dj,linktr.ee/glia.dj,https://linktr.ee/glia.dj,View glia.dj's Linktree to discover and stream music from top platforms like Soundcloud here. Your next favorite track is just a click away!,https://linktr.ee/glia.dj,dj's,Linktree,https://linktr.ee/glia.dj,https://external-content.duckduckgo.com/ip3/linktr.ee.ico
"Dust Booking Official: Instagram, Facebook | Linktree",https://linktr.ee/dustbooking,linktr.ee/dustbooking,https://linktr.ee/dustbooking,"Dust Booking Booking agency, live services. Never standing still. www.dust-booking.com TICKETS: Alpha Whores, Berlin @ Neue Zukunft 26.03.26 TICKETS: Polymath, Berlin @ Neue Zukunft, 17.04.26 TICKETS: Syberia, Berlin @ Neue Zukunft, 28.04.26",https://linktr.ee/dustbooking,Booking,Booking,https://linktr.ee/dustbooking,https://external-content.duckduckgo.com/ip3/linktr.ee.ico
"Tresor Berlin Official: TikTok, Instagram, X, Facebook | Linktree",https://linktr.ee/tresorberlin,linktr.ee/tresorberlin,https://linktr.ee/tresorberlin,"Tresor Studio Session: Erik Jabari Skynet by Inﬁniti aka Juan Atkins DJ Deep - Fosph (Official Music Video) BBC Radio 6 Music - The Ravers Hour, DJ Stingray 313 In The Mix Tresor Classic Shirt - Bleached Shirt Backward Improvement, by UFO95 Tresor Studio Session: Datashader",https://linktr.ee/tresorberlin,DJ,DJ,https://linktr.ee/tresorberlin,https://external-content.duckduckgo.com/ip3/linktr.ee.ico
"Anfragen: mail@djicerolls.de Official: TikTok, Instagram | Linktree",https://linktr.ee/djicerolls,linktr.ee/djicerolls,https://linktr.ee/djicerolls,Du hast Lust DJ Ice Rolls auch auf Deinem Event live zu erleben? Dann stelle noch schnell Deine Buchungsanfrage für 2026: www.djicerolls.de,https://linktr.ee/djicerolls,DJ,,https://linktr.ee/djicerolls,https://external-content.duckduckgo.com/ip3/linktr.ee.ico
"cinthie_dj Official: Instagram, Facebook, Twitter | Linktree",https://linktr.ee/cinthie_dj,linktr.ee/cinthie_dj,https://linktr.ee/cinthie_dj,"View cinthie_dj's Linktree to discover and stream music from top platforms like Spotify, Bandcamp, Soundcloud here. Your next favorite track is just a click away!",https://linktr.ee/cinthie_dj,Linktree,,https://linktr.ee/cinthie_dj,https://external-content.duckduckgo.com/ip3/linktr.ee.ico
"ALYSSA & GIA Official: TikTok, Instagram | Linktree",https://linktr.ee/alyssa_gia_music,linktr.ee/alyssa_gia_music,https://linktr.ee/alyssa_gia_music,ALYSSA & GIA berlin based DJ duo The Call ☎️ Pre-Save NYE BLOCK PARTY SET EL GOUNA WATERGATE SET,https://linktr.ee/alyssa_gia_music,berlin,DJ,https://linktr.ee/alyssa_gia_music,https://external-content.duckduckgo.com/ip3/linktr.ee.ico
Goth Barge - Linktree,https://linktr.ee/gothbarge,linktr.ee/gothbarge,https://linktr.ee/gothbarge,A darkwave DJ collective best known for their boat dance parties. 0 followers Make A Song Request Join Our Email List Add Our Event Calendar Booking Inquiry Form,https://linktr.ee/gothbarge,DJ,Email,https://linktr.ee/gothbarge,https://external-content.duckduckgo.com/ip3/linktr.ee.ico
Pakistanikira OnlyFans Official - Exclusive Content & Account | Linktree,https://linktr.ee/Pakistanikira,linktr.ee/Pakistanikira,https://linktr.ee/Pakistanikira,See Pakistanikira on OnlyFans. Access exclusive photos and videos. Visit the official page now.,https://linktr.ee/Pakistanikira,,,https://linktr.ee/Pakistanikira,https://external-content.duckduckgo.com/ip3/linktr.ee.ico
"Radio Berlin Official: Instagram, Facebook | Linktree",https://linktr.ee/radioberlintlv,linktr.ee/radioberlintlv,https://linktr.ee/radioberlintlv,"Radio Berlin has been a member of Linktree for 2 years and joined in November 2023. The social media accounts linked to from Radio Berlin are: • Facebook • Instagram • SoundCloud • Email Besides social media accounts, radioberlintlv has populated their site with: • Purim Rave February 27th • Andy Charles - Feel The Bounce by Radio Berlin • Infected Festival - toMix // Show case ...",https://linktr.ee/radioberlintlv,Berlin,Linktree,https://linktr.ee/radioberlintlv,https://external-content.duckduckgo.com/ip3/linktr.ee.ico
"austin.sounds Official: TikTok, Instagram | Linktree",https://linktr.ee/austin.sounds,linktr.ee/austin.sounds,https://linktr.ee/austin.sounds,"austin.sounds has been a member of Linktree for 4 years and joined in September 2022. The social media accounts linked to from austin.sounds are: • Instagram • TikTok • YouTube • SoundCloud • Email Besides social media accounts, austin.sounds has populated their site with: • BOOKING REQUESTS • LIVE @BORCHARDT BERLIN • AUSTINS SELECTION EP01 • EVENT: APÉRO BY AUSTIN",https://linktr.ee/austin.sounds,Linktree,Email,https://linktr.ee/austin.sounds,https://external-content.duckduckgo.com/ip3/linktr.ee.ico
ZELECTER | Hardstyle DJ | Linktree,https://linktr.ee/zelecter,linktr.ee/zelecter,https://linktr.ee/zelecter,"Event Agenda, Merchandise, Livesets & Bookings - All you need to know in one Linktree.",https://linktr.ee/zelecter,Bookings,Linktree,https://linktr.ee/zelecter,https://external-content.duckduckgo.com/ip3/linktr.ee.ico
"optijuegos Official: TikTok, Instagram | Linktree",https://linktr.ee/optijuegos,linktr.ee/optijuegos,https://linktr.ee/optijuegos,How YouTube creators can build stronger audience relationships How to promote a podcast: 10 practical tips Linktree launches new and improved YouTube features to help creators build more direct connections with their audiences How to make a QR code for your Linktree Here's how to schedule Instagram posts and save time Linktree Teams Up With Olivia Rodrigo's Daisy Chain Fields to Turn ...,https://linktr.ee/optijuegos,Linktree,Linktree,https://linktr.ee/optijuegos,https://external-content.duckduckgo.com/ip3/linktr.ee.ico
@mariasatelles Official: Instagram | Linktree,https://linktr.ee/djmaria.japan,linktr.ee/djmaria.japan,https://linktr.ee/djmaria.japan,"View djmaria.japan's Linktree to discover and stream music from top platforms like Bandcamp, Beatport, Soundcloud here. Your next favorite track is just a click away!",https://linktr.ee/djmaria.japan,Linktree,,https://linktr.ee/djmaria.japan,https://external-content.duckduckgo.com/ip3/linktr.ee.ico
rupaulofficial Official: TikTok | Linktree,https://linktr.ee/rupaulofficial,linktr.ee/rupaulofficial,https://linktr.ee/rupaulofficial,View rupaulofficial's Linktree to discover and stream music from top platforms like Spotify here. Your next favorite track is just a click away!,https://linktr.ee/rupaulofficial,Linktree,,https://linktr.ee/rupaulofficial,https://external-content.duckduckgo.com/ip3/linktr.ee.ico
"ONYX Official: TikTok, Instagram | Linktree",https://linktr.ee/onyx.berlin,linktr.ee/onyx.berlin,https://linktr.ee/onyx.berlin,View onyx.berlin's Linktree to discover and stream music from top platforms like Soundcloud here. Your next favorite track is just a click away!,https://linktr.ee/onyx.berlin,berlin's,Linktree,https://linktr.ee/onyx.berlin,https://external-content.duckduckgo.com/ip3/linktr.ee.ico
"HadesDj | Instagram, Facebook | Linktree",https://linktr.ee/HadesDj,linktr.ee/HadesDj,https://linktr.ee/HadesDj,"Stream Hades music | Listen to songs, albums, playlists for free on SoundCloud",https://linktr.ee/HadesDj,,,https://linktr.ee/HadesDj,https://external-content.duckduckgo.com/ip3/linktr.ee.ico
aloooytvjoootv Official: Instagram | Linktree,https://linktr.ee/aloooytvjoootv,linktr.ee/aloooytvjoootv,https://linktr.ee/aloooytvjoootv,"Joootv, aloootv offers many arabic shows to steam. جرس انذار, بنات الروابي, امر",https://linktr.ee/aloooytvjoootv,,,https://linktr.ee/aloooytvjoootv,https://external-content.duckduckgo.com/ip3/linktr.ee.ico
九色视频 | 91九色蝌蚪论坛 | 九色最新地址在线 | Linktree,https://linktr.ee/jiuse1,linktr.ee/jiuse1,https://linktr.ee/jiuse1,在九色视频，您可以找到丰富多彩的内容，涵盖91九色蝌蚪论坛的最新动态。我们提供九色最新地址在线，方便您随时访问最新资源。无论是视频分享还是论坛交流，九色视频都是您理想的选择，精彩内容不容错过!,https://linktr.ee/jiuse1,,,https://linktr.ee/jiuse1,https://external-content.duckduckgo.com/ip3/linktr.ee.ico
berlin_club | Linktree,https://linktr.ee/berlin_club,linktr.ee/berlin_club,https://linktr.ee/berlin_club,@berlin_club Todos os lados da noite. Shows | Baladas | Eventos SHOW NACIONAL MC PH BERLIN 10 ANOS Pt 1 - JAPA NK MEIO MÉDICO VETERINÁRIO - MC KEKEL Comunidade Berlin Autorização para menores (autenticar em cartório),https://linktr.ee/berlin_club,BERLIN,Berlin,https://linktr.ee/berlin_club,https://external-content.duckduckgo.com/ip3/linktr.ee.ico
糖心vlog网页版 | 糖心视频tv | 糖心传媒volg肉 - Linktree,https://linktr.ee/tangxin1,linktr.ee/tangxin1,https://linktr.ee/tangxin1,糖心vlog网页版，无需下载，在线观看!网罗糖心视频tv的精彩内容，更有糖心传媒volg肉视频等你来探索。高清流畅，精彩不间断，满足你的视听需求!,https://linktr.ee/tangxin1,,,https://linktr.ee/tangxin1,https://external-content.duckduckgo.com/ip3/linktr.ee.ico
"djgigola Official: TikTok, Instagram | Linktree",https://linktr.ee/djgigola,linktr.ee/djgigola,https://linktr.ee/djgigola,View djgigola's Linktree to discover and stream music from top platforms like Soundcloud here. Your next favorite track is just a click away!,https://linktr.ee/djgigola,Linktree,,https://linktr.ee/djgigola,https://external-content.duckduckgo.com/ip3/linktr.ee.ico
thebrettberlin Official: Facebook | Linktree,https://linktr.ee/thebrettberlin,linktr.ee/thebrettberlin,https://linktr.ee/thebrettberlin,"thebrettberlin Official: Facebook | Linktree ... DJ, Berlin",https://linktr.ee/thebrettberlin,Linktree,DJ,https://linktr.ee/thebrettberlin,https://external-content.duckduckgo.com/ip3/linktr.ee.ico
"glia.dj Official: TikTok, Instagram, Facebook | Linktree",https://linktr.ee/glia.dj,linktr.ee/glia.dj,https://linktr.ee/glia.dj,View glia.dj's Linktree to discover and stream music from top platforms like Soundcloud here. Your next favorite track is just a click away!,https://linktr.ee/glia.dj,dj's,Linktree,https://linktr.ee/glia.dj,https://external-content.duckduckgo.com/ip3/linktr.ee.ico
"NELJA Official: TikTok, Instagram | Linktree",https://linktr.ee/nelja.music,linktr.ee/nelja.music,https://linktr.ee/nelja.music,View nelja.music's Linktree to discover and stream music from top platforms like Soundcloud here. Your next favorite track is just a click away!,https://linktr.ee/nelja.music,Linktree,,https://linktr.ee/nelja.music,https://external-content.duckduckgo.com/ip3/linktr.ee.ico
The Ghost Official: Instagram | Linktree,https://linktr.ee/ghostberlin,linktr.ee/ghostberlin,https://linktr.ee/ghostberlin,bookings- jodie@mdcberlin.com,https://linktr.ee/ghostberlin,bookings,,https://linktr.ee/ghostberlin,https://external-content.duckduckgo.com/ip3/linktr.ee.ico
"""""DJ Baby Berlin: Party Witch, Twitch Partner, Wedding DJ ... - Linktree",https://linktr.ee/djbabyberlin,linktr.ee/djbabyberlin,https://linktr.ee/djbabyberlin,"Immerse in DJ Baby Berlin's world where alternative club beats meet captivating Twitch streams and unforgettable wedding DJ services. Stay in the loop with promotions and upcoming events. Click now, because we know you just can't get enough!",https://linktr.ee/djbabyberlin,DJ,Berlin's,https://linktr.ee/djbabyberlin,https://external-content.duckduckgo.com/ip3/linktr.ee.ico
"Dust Booking Official: Instagram, Facebook | Linktree",https://linktr.ee/dustbooking,linktr.ee/dustbooking,https://linktr.ee/dustbooking,"Booking agency, live services. Never standing still. www.dust-booking.com",https://linktr.ee/dustbooking,Booking,booking,https://linktr.ee/dustbooking,https://external-content.duckduckgo.com/ip3/linktr.ee.ico
"Tresor Berlin Official: TikTok, Instagram, X, Facebook | Linktree",https://linktr.ee/tresorberlin,linktr.ee/tresorberlin,https://linktr.ee/tresorberlin,"View tresorberlin's Linktree to discover and stream music from top platforms like Spotify, Apple Music, Bandcamp here. Your next favorite track is just a click away!",https://linktr.ee/tresorberlin,Linktree,,https://linktr.ee/tresorberlin,https://external-content.duckduckgo.com/ip3/linktr.ee.ico
"Anfragen: mail@djicerolls.de Official: TikTok, Instagram | Linktree",https://linktr.ee/djicerolls,linktr.ee/djicerolls,https://linktr.ee/djicerolls,Du hast Lust DJ Ice Rolls auch auf Deinem Event live zu erleben? Dann stelle noch schnell Deine Buchungsanfrage für 2026: www.djicerolls.de,https://linktr.ee/djicerolls,DJ,,https://linktr.ee/djicerolls,https://external-content.duckduckgo.com/ip3/linktr.ee.ico
"cinthie_dj Official: Instagram, Facebook, Twitter | Linktree",https://linktr.ee/cinthie_dj,linktr.ee/cinthie_dj,https://linktr.ee/cinthie_dj,"View cinthie_dj's Linktree to discover and stream music from top platforms like Spotify, Bandcamp, Soundcloud here. Your next favorite track is just a click away!",https://linktr.ee/cinthie_dj,Linktree,,https://linktr.ee/cinthie_dj,https://external-content.duckduckgo.com/ip3/linktr.ee.ico
"ALYSSA & GIA Official: TikTok, Instagram | Linktree",https://linktr.ee/alyssa_gia_music,linktr.ee/alyssa_gia_music,https://linktr.ee/alyssa_gia_music,"View alyssa_gia_music's Linktree to discover and stream music from top platforms like Spotify, Soundcloud here. Your next favorite track is just a click away!",https://linktr.ee/alyssa_gia_music,Linktree,,https://linktr.ee/alyssa_gia_music,https://external-content.duckduckgo.com/ip3/linktr.ee.ico